	0
0	33
1	34
2	38
3	50
4	60
5	65
6	66
7	71
8	74
9	84
10	85
11	88
12	91
13	93
14	94
15	99
16	101
17	102
18	104
19	105
20	106
21	115
22	117
23	119
24	123
25	124
26	126
27	135
28	136
29	139
30	147
31	149
32	154
33	155
34	187
35	191
36	194
37	195
38	198
39	200
40	226
41	229
42	233
43	241
44	245
45	246
46	247
47	248
48	249
49	253
50	263
51	265
52	270
53	284
54	294
55	316
56	319
57	322
58	326
59	328
60	330
61	336
62	340
63	346
64	349
65	351
66	353
67	360
68	364
69	365
70	368
71	374
72	383
73	384
74	386
75	389
76	400
77	401
78	402
79	404
80	408
81	412
82	416
83	419
84	473
85	484
86	488
87	492
88	493
89	501
90	504
91	511
92	512
93	513
94	514
95	516
96	536
97	537
98	540
99	544
100	549
101	551
102	576
103	577
104	587
105	603
106	608
107	610
108	611
109	615
110	617
111	618
112	622
113	625
114	630
115	639
116	650
117	657
118	662
119	663
120	682
121	683
122	686
123	697
124	705
125	718
126	722
127	728
128	730
129	732
130	738
131	740
132	743
133	744
134	745
135	746
136	747
137	748
138	749
139	750
140	756
141	757
142	767
143	768
144	774
145	776
146	786
147	789
148	795
149	796
150	798
151	799
152	803
153	806
154	808
155	812
156	828
157	833
158	835
159	836
160	837
161	842
162	843
163	845
164	847
165	856
166	857
167	859
168	862
169	863
170	864
171	867
172	878
173	881
174	890
175	895
176	902
177	905
178	909
179	911
180	912
181	916
182	924
183	925
184	926
185	928
186	930
187	934
188	935
189	940
190	941
191	947
192	952
193	954
194	958
195	964
196	966
197	981
198	989
199	995
200	997
201	1009
202	1019
203	1022
204	1024
205	1027
206	1029
207	1030
208	1035
209	1041
210	1042
211	1046
212	1054
213	1056
214	1057
215	1059
216	1060
217	1061
218	1064
219	1070
220	1081
221	1096
222	1110
223	1113
224	1115
225	1121
226	1126
227	1127
228	1128
229	1131
230	1134
231	1138
232	1140
233	1141
234	1143
235	1146
236	1148
237	1149
238	1153
239	1169
240	1171
241	1175
242	1178
243	1179
244	1186
245	1187
246	1188
247	1191
248	1195
249	1197
250	1198
251	1213
252	1220
253	1221
254	1222
255	1231
256	1238
257	1247
258	1249
259	1253
260	1254
261	1255
262	1257
263	1260
264	1261
265	1265
266	1282
267	1291
268	1294
269	1310
270	1315
271	1321
272	1323
273	1325
274	1330
275	1331
276	1333
277	1337
278	1339
279	1345
280	1354
281	1355
282	1357
283	1364
284	1366
285	1368
286	1376
287	1377
288	1378
289	1379
290	1387
291	1394
292	1395
293	1398
294	1404
295	1406
296	1412
297	1420
298	1425
299	1426
300	1431
301	1432
302	1436
303	1437
304	1439
305	1442
306	1446
307	1449
308	1453
309	1462
310	1464
311	1465
312	1466
313	1467
314	1476
315	1478
316	1482
317	1500
318	1502
319	1503
320	1550
321	1555
322	1562
323	1567
324	1574
325	1578
326	1587
327	1588
328	1591
329	1603
330	1604
331	1605
332	1610
333	1613
334	1622
335	1635
336	1637
337	1639
338	1641
339	1653
340	1656
341	1658
342	1659
343	1662
344	1664
345	1671
346	1672
347	1673
348	1690
349	1698
350	1735
351	1740
352	1742
353	1756
354	1764
355	1770
356	1786
357	1787
358	1793
359	1804
360	1809
361	1810
362	1835
363	1847
364	1849
365	1853
366	1854
367	1869
368	1879
369	1886
370	1887
371	1901
372	1916
373	1918
374	1923
375	1934
376	1955
377	1964
378	1965
379	1978
380	1980
381	1997
382	2003
383	2006
384	2015
385	2016
386	2073
387	2083
388	2084
389	2086
390	2091
391	2100
392	2102
393	2112
394	2117
395	2127
396	2128
397	2130
398	2131
399	2138
400	2148
401	2151
402	2153
403	2154
404	2171
405	2174
406	2179
407	2183
408	2188
409	2192
410	2197
411	2214
412	2215
413	2218
414	2225
415	2236
416	2237
417	2238
418	2241
419	2243
420	2246
421	2248
422	2253
423	2254
424	2281
425	2283
426	2304
427	2335
428	2337
429	2343
430	2345
431	2347
432	2352
433	2356
434	2364
435	2366
436	2368
437	2370
438	2376
439	2393
440	2418
441	2420
442	2425
443	2438
444	2440
445	2443
446	2448
447	2449
448	2455
449	2457
450	2463
451	2465
452	2467
453	2468
454	2475
455	2483
456	2489
457	2496
458	2510
459	2514
460	2528
461	2531
462	2535
463	2536
464	2554
465	2556
466	2561
467	2569
468	2581
469	2582
470	2585
471	2587
472	2596
473	2598
474	2600
475	2603
476	2604
477	2607
478	2609
479	2615
480	2617
481	2625
482	2630
483	2634
484	2635
485	2637
486	2663
487	2670
488	2685
489	2693
490	2703
491	2711
492	2737
493	2748
494	2854
495	2866
496	2867
497	2874
498	2875
499	2879
500	2882
501	2883
502	2910
503	2917
504	2975
505	2985
506	3014
507	3015
508	3017
509	3019
510	3021
511	3024
512	3027
513	3031
514	3034
515	3035
516	3036
517	3037
518	3042
519	3047
520	3049
521	3051
522	3054
523	3058
524	3063
525	3064
526	3069
527	3072
528	3073
529	3074
530	3080
531	3083
532	3084
533	3085
534	3088
535	3091
536	3095
537	3096
538	3104
539	3113
540	3127
541	3129
542	3132
543	3209
544	3214
545	3216
546	3218
547	3219
548	3220
549	3226
550	3231
551	3236
552	3238
553	3242
554	3243
555	3246
556	3252
557	3256
558	3257
559	3259
560	3275
561	3279
562	3281
563	3287
564	3288
565	3290
566	3296
567	3297
568	3302
569	3303
570	3305
571	3312
572	3317
573	3318
574	3319
575	3321
576	3322
577	3324
578	3325
579	3331
580	3338
581	3339
582	3342
583	3346
584	3347
585	3352
586	3356
587	3357
588	3358
589	3360
590	3361
591	3364
592	3366
593	3369
594	3371
595	3373
596	3377
597	3383
598	3385
599	3386
600	3388
601	3397
602	3398
603	3399
604	3400
605	3401
606	3403
607	3459
608	3500
609	3511
610	3518
611	3526
612	3527
613	3531
614	3532
615	3535
616	3541
617	3558
618	3567
619	3568
620	3569
621	3571
622	3574
623	3575
624	3577
625	3580
626	3584
627	3585
628	3591
629	3594
630	3611
631	3613
632	3627
633	3630
634	3634
635	3644
636	3671
637	3672
638	3678
639	3681
640	3702
641	3703
642	3714
643	3720
644	3723
645	3724
646	3728
647	3729
648	3733
649	3736
650	3758
651	3760
652	3762
653	3767
654	3771
655	3774
656	3809
657	3814
658	3819
659	3829
660	3831
661	3846
662	3851
663	3854
664	3856
665	3858
666	3859
667	3862
668	3868
669	3878
670	3879
671	3892
672	3926
673	3930
674	3932
675	3933
676	3942
677	3956
678	3958
679	3962
680	3968
681	3973
682	3981
683	3982
684	3983
685	4001
686	4014
687	4015
688	4028
689	4030
690	4035
691	4036
692	4045
693	4046
694	4050
695	4052
696	4062
697	4075
698	4077
699	4086
700	4108
701	4130
702	4137
703	4139
704	4140
705	4141
706	4157
707	4166
708	4173
709	4185
710	4212
711	4214
712	4215
713	4228
714	4239
715	4249
716	4254
717	4257
718	4268
719	4272
720	4273
721	4282
722	4290
723	4291
724	4294
725	4295
726	4298
727	4310
728	4317
729	4325
730	4344
731	4346
732	4359
733	4362
734	4378
735	4382
736	4384
737	4385
738	4399
739	4405
740	4408
741	4411
742	4426
743	4435
744	4440
745	4445
746	4479
747	4497
748	4498
749	4499
750	4508
751	4512
752	4517
753	4519
754	4525
755	4531
756	4532
757	4542
758	4543
759	4546
760	4549
761	4552
762	4553
763	4563
764	4568
765	4576
766	4584
767	4592
768	4603
769	4613
770	4614
771	4615
772	4619
773	4666
774	4669
775	4670
776	4685
777	4686
778	4696
779	4698
780	4702
781	4706
782	4707
783	4715
784	4716
785	4723
786	4727
787	4730
788	4735
789	4737
790	4740
791	4744
792	4747
793	4757
794	4758
795	4760
796	4765
797	4778
798	4779
799	4788
800	4790
801	4791
802	4795
803	4798
804	4805
805	4812
806	4817
807	4851
808	4854
809	4859
810	4862
811	4866
812	4867
813	4872
814	4879
815	4889
816	4890
817	4896
818	4897
819	4900
820	4901
821	4903
822	4904
823	4922
824	4928
825	4941
826	4942
827	4943
828	4947
829	4965
830	4968
831	4971
832	4972
833	4978
834	5005
835	5009
836	5011
837	5070
838	5072
839	5073
840	5076
841	5101
842	5104
843	5121
844	5124
845	5128
846	5129
847	5134
848	5144
849	5155
850	5156
851	5161
852	5168
853	5178
854	5181
855	5190
856	5215
857	5271
858	5272
859	5280
860	5292
861	5325
862	5327
863	5330
864	5334
865	5335
866	5336
867	5368
868	5372
869	5392
870	5393
871	5394
872	5403
873	5404
874	5405
875	5406
876	5409
877	5416
878	5427
879	5428
880	5434
881	5435
882	5439
883	5447
884	5456
885	5457
886	5464
887	5474
888	5480
889	5486
890	5497
891	5500
892	5524
893	5533
894	5539
895	5552
896	5557
897	5566
898	5580
899	5611
900	5614
901	5617
902	5621
903	5629
904	5634
905	5637
906	5638
907	5651
908	5657
909	5665
910	5673
911	5674
912	5684
913	5685
914	5689
915	5691
916	5692
917	5697
918	5699
919	5702
920	5706
921	5707
922	5708
923	5713
924	5714
925	5717
926	5718
927	5720
928	5722
929	5730
930	5733
931	5735
932	5736
933	5738
934	5740
935	5757
936	5760
937	5761
938	5777
939	5783
940	5801
941	5802
942	5804
943	5805
944	5806
945	5810
946	5812
947	5820
948	5825
949	5832
950	5855
951	5859
952	5862
953	5863
954	5867
955	5868
956	5870
957	5871
958	5892
959	5895
960	5897
961	5899
962	5901
963	5902
964	5908
965	5913
966	5919
967	5922
968	5924
969	5931
970	5940
971	5941
972	5946
973	5960
974	5963
975	5967
976	5971
977	5974
978	5981
979	5984
980	5985
981	5998
982	6018
983	6022
984	6023
985	6031
986	6038
987	6041
988	6042
989	6046
990	6050
991	6054
992	6062
993	6109
994	6110
995	6113
996	6114
997	6122
998	6130
999	6135
1000	6136
1001	6140
1002	6145
1003	6146
1004	6149
1005	6167
1006	6168
1007	6196
1008	6203
1009	6209
1010	6210
1011	6216
1012	6226
1013	6228
1014	6233
1015	6245
1016	6249
1017	6258
1018	6264
1019	6282
1020	6286
1021	6298
1022	6299
1023	6303
1024	6304
1025	6333
1026	6338
1027	6340
1028	6343
1029	6344
1030	6347
1031	6367
1032	6369
1033	6370
1034	6375
1035	6377
1036	6380
1037	6381
1038	6383
1039	6385
1040	6390
1041	6393
1042	6394
1043	6395
1044	6401
1045	6417
1046	6425
1047	6426
1048	6428
1049	6429
1050	6433
1051	6439
1052	6442
1053	6447
1054	6448
1055	6460
1056	6463
1057	6465
1058	6468
1059	6469
1060	6476
1061	6477
1062	6478
1063	6481
1064	6488
1065	6494
1066	6499
1067	6502
1068	6506
1069	6509
1070	6510
1071	6512
1072	6519
1073	6523
1074	6534
1075	6536
1076	6602
1077	6609
1078	6611
1079	6620
1080	6624
1081	6629
1082	6635
1083	6636
1084	6637
1085	6640
1086	6641
1087	6642
1088	6643
1089	6652
1090	6655
1091	6656
1092	6658
1093	6662
1094	6667
1095	6672
1096	6692
1097	6693
1098	6706
1099	6721
1100	6868
1101	6869
1102	6917
1103	6920
1104	6921
1105	6924
1106	6927
1107	6928
1108	6936
1109	6937
1110	6938
1111	6951
1112	6970
1113	6971
1114	6975
1115	6984
1116	6985
1117	6998
1118	6999
1119	7002
1120	7003
1121	7004
1122	7016
1123	7026
1124	7030
1125	7031
1126	7040
1127	7091
1128	7096
1129	7098
1130	7099
1131	7100
1132	7152
1133	7154
1134	7158
1135	7159
1136	7193
1137	7213
1138	7217
1139	7219
1140	7224
1141	7227
1142	7235
1143	7249
1144	7250
1145	7255
1146	7256
1147	7258
1148	7263
1149	7265
1150	7281
1151	7283
1152	7305
1153	7310
1154	7333
1155	7342
1156	7350
1157	7352
1158	7353
1159	7358
1160	7360
1161	7372
1162	7387
1163	7391
1164	7395
1165	7396
1166	7418
1167	7429
1168	7430
1169	7435
1170	7442
1171	7443
1172	7447
1173	7454
1174	7457
1175	7488
1176	7491
1177	7513
1178	7514
1179	7515
1180	7545
1181	7546
1182	7553
1183	7581
1184	7640
1185	7642
1186	7644
1187	7646
1188	7649
1189	7653
1190	7655
1191	7667
1192	7729
1193	7764
1194	7765
1195	7771
1196	7783
1197	7799
1198	7804
1199	7806
1200	7816
1201	7817
1202	7856
1203	7876
1204	7891
1205	7892
1206	7900
1207	7915
1208	7919
1209	7952
1210	7983
1211	7988
1212	7992
1213	7993
1214	8003
1215	8005
1216	8008
1217	8009
1218	8013
1219	8014
1220	8015
1221	8026
1222	8027
1223	8030
1224	8032
1225	8033
1226	8034
1227	8036
1228	8039
1229	8040
1230	8042
1231	8043
1232	8045
1233	8046
1234	8063
1235	8067
1236	8076
1237	8081
1238	8090
1239	8096
1240	8098
1241	8106
1242	8110
1243	8117
1244	8136
1245	8138
1246	8159
1247	8161
1248	8172
1249	8187
1250	8188
1251	8189
1252	8192
1253	8193
1254	8194
1255	8215
1256	8222
1257	8228
1258	8236
1259	8242
1260	8247
1261	8253
1262	8273
1263	8285
1264	8290
1265	8302
1266	8304
1267	8306
1268	8311
1269	8312
1270	8313
1271	8318
1272	8319
1273	8326
1274	8329
1275	8330
1276	8341
1277	8344
1278	8371
1279	8377
1280	8385
1281	8397
1282	8400
1283	8401
1284	8402
1285	8404
1286	8410
1287	8417
1288	8426
1289	8427
1290	8428
1291	8429
1292	8432
1293	8440
1294	8444
1295	8446
1296	8448
1297	8450
1298	8452
1299	8455
1300	8460
1301	8466
1302	8470
1303	8473
1304	8484
1305	8501
1306	8503
1307	8528
1308	8532
1309	8538
1310	8541
1311	8566
1312	8571
1313	8574
1314	8596
1315	8614
1316	8615
1317	8640
1318	8641
1319	8642
1320	8658
1321	8668
1322	8692
1323	8696
1324	8703
1325	8717
1326	8719
1327	8732
1328	8764
1329	8767
1330	8768
1331	8769
1332	8776
1333	8777
1334	8781
1335	8783
1336	8788
1337	8791
1338	8805
1339	8817
1340	8818
1341	8819
1342	8823
1343	8825
1344	8826
1345	8834
1346	8836
1347	8842
1348	8843
1349	8844
1350	8848
1351	8885
1352	8890
1353	8902
1354	8903
1355	8910
1356	8925
1357	8930
1358	8934
1359	8965
1360	8975
1361	8977
1362	8979
1363	8987
1364	8991
1365	9001
1366	9012
1367	9025
1368	9028
1369	9030
1370	9036
1371	9055
1372	9060
1373	9070
1374	9077
1375	9079
1376	9101
1377	9122
1378	9142
1379	9155
1380	9159
1381	9162
1382	9167
1383	9168
1384	9170
1385	9174
1386	9176
1387	9190
1388	9195
1389	9201
1390	9209
1391	9210
1392	9211
1393	9212
1394	9219
1395	9228
1396	9231
1397	9233
1398	9234
1399	9239
1400	9243
1401	9245
1402	9246
1403	9247
1404	9249
1405	9296
1406	9297
1407	9311
1408	9316
1409	9326
1410	9344
1411	9354
1412	9355
1413	9356
1414	9359
1415	9362
1416	9363
1417	9364
1418	9365
1419	9367
1420	9369
1421	9371
1422	9375
1423	9380
1424	9381
1425	9384
1426	9385
1427	9389
1428	9390
1429	9398
1430	9415
1431	9418
1432	9432
1433	9436
1434	9438
1435	9444
1436	9448
1437	9450
1438	9462
1439	9463
1440	9466
1441	9467
1442	9477
1443	9482
1444	9484
1445	9485
1446	9489
1447	9491
1448	9494
1449	9495
1450	9501
1451	9503
1452	9511
1453	9512
1454	9526
1455	9544
1456	9551
1457	9574
1458	9577
1459	9581
1460	9596
1461	9600
1462	9603
1463	9614
1464	9629
1465	9630
1466	9655
1467	9671
1468	9672
1469	9675
1470	9678
1471	9679
1472	9685
1473	9690
1474	9695
1475	9698
1476	9705
1477	9724
1478	9729
1479	9730
1480	9732
1481	9741
1482	9742
1483	9757
1484	9759
1485	9760
1486	9768
1487	9769
1488	9778
1489	9794
1490	9795
1491	9805
1492	9806
1493	9809
1494	9813
1495	9823
1496	9832
1497	9844
1498	9845
1499	9846
1500	9857
1501	9875
1502	9878
1503	9888
1504	9891
1505	9906
1506	9907
1507	9912
1508	9914
1509	9925
1510	9967
1511	9968
1512	9970
1513	9973
1514	9975
1515	9978
1516	9979
1517	9981
1518	9985
1519	9988
1520	9991
1521	9997
1522	10006
1523	10013
1524	10014
1525	10018
1526	10024
1527	10033
1528	10034
1529	10038
1530	10044
1531	10045
1532	10047
1533	10049
1534	10051
1535	10053
1536	10058
1537	10059
1538	10067
1539	10069
1540	10071
1541	10076
1542	10080
1543	10086
1544	10090
1545	10100
1546	10101
1547	10102
1548	10109
1549	10117
1550	10119
1551	10121
1552	10122
1553	10123
1554	10127
1555	10128
1556	10130
1557	10135
1558	10137
1559	10138
1560	10146
1561	10147
1562	10149
1563	10151
1564	10162
1565	10168
1566	10169
1567	10170
1568	10172
1569	10174
1570	10176
1571	10180
1572	10183
1573	10190
1574	10191
1575	10196
1576	10197
1577	10198
1578	10201
1579	10208
1580	10209
1581	10228
1582	10230
1583	10231
1584	10243
1585	10264
1586	10265
1587	10273
1588	10282
1589	10283
1590	10289
1591	10292
1592	10298
1593	10301
1594	10303
1595	10313
1596	10320
1597	10329
1598	10349
1599	10357
1600	10382
1601	10391
1602	10403
1603	10405
1604	10406
1605	10413
1606	10422
1607	10432
1608	10444
1609	10456
1610	10504
1611	10560
1612	10569
1613	10572
1614	10589
1615	10592
1616	10620
1617	10644
1618	10645
1619	10654
1620	10667
1621	10673
1622	10674
1623	10675
1624	10681
1625	10687
1626	10693
1627	10694
1628	10695
1629	10700
1630	10703
1631	10747
1632	10752
1633	10753
1634	10754
1635	10759
1636	10821
1637	10830
1638	10831
1639	10847
1640	10850
1641	10859
1642	10911
1643	10913
1644	10920
1645	10925
1646	10934
1647	10942
1648	10944
1649	10959
1650	10962
1651	10963
1652	10972
1653	10973
1654	10977
1655	10983
1656	10990
1657	11000
1658	11008
1659	11022
1660	11026
1661	11052
1662	11076
1663	11079
1664	11090
1665	11093
1666	11094
1667	11099
1668	11100
1669	11107
1670	11108
1671	11111
1672	11115
1673	11135
1674	11137
1675	11139
1676	11141
1677	11142
1678	11148
1679	11151
1680	11162
1681	11196
1682	11198
1683	11207
1684	11215
1685	11228
1686	11229
1687	11235
1688	11236
1689	11250
1690	11251
1691	11266
1692	11267
1693	11277
1694	11294
1695	11299
1696	11302
1697	11308
1698	11311
1699	11319
1700	11342
1701	11350
1702	11358
1703	11361
1704	11365
1705	11366
1706	11368
1707	11369
1708	11383
1709	11388
1710	11391
1711	11413
1712	11419
1713	11446
1714	11447
1715	11470
1716	11473
1717	11489
1718	11490
1719	11491
1720	11492
1721	11497
1722	11526
1723	11537
1724	11551
1725	11580
1726	11581
1727	11591
1728	11592
1729	11604
1730	11617
1731	11618
1732	11622
1733	11623
1734	11626
1735	11631
1736	11654
1737	11657
1738	11660
1739	11669
1740	11676
1741	11715
1742	11723
1743	11734
1744	11736
1745	11744
1746	11756
1747	11758
1748	11761
1749	11764
1750	11767
1751	11778
1752	11779
1753	11783
1754	11786
1755	11790
1756	11794
1757	11807
1758	11819
1759	11843
1760	11866
1761	11867
1762	11870
1763	11873
1764	11874
1765	11876
1766	11877
1767	11882
1768	11885
1769	11886
1770	11903
1771	11912
1772	11914
1773	11942
1774	11945
1775	11947
1776	11951
1777	11953
1778	11962
1779	11963
1780	11967
1781	11971
1782	11983
1783	11984
1784	11985
1785	11986
1786	11987
1787	11990
1788	11991
1789	11995
1790	11996
1791	12000
1792	12008
1793	12013
1794	12021
1795	12023
1796	12025
1797	12028
1798	12030
1799	12039
1800	12054
1801	12061
1802	12067
1803	12069
1804	12070
1805	12120
1806	12142
1807	12155
1808	12164
1809	12174
1810	12181
1811	12187
1812	12191
1813	12202
1814	12219
1815	12222
1816	12226
1817	12229
1818	12235
1819	12242
1820	12248
1821	12251
1822	12254
1823	12257
1824	12259
1825	12261
1826	12266
1827	12281
1828	12283
1829	12288
1830	12302
1831	12320
1832	12327
1833	12330
1834	12337
1835	12353
1836	12355
1837	12364
1838	12366
1839	12367
1840	12368
1841	12369
1842	12370
1843	12372
1844	12374
1845	12375
1846	12381
1847	12388
1848	12390
1849	12391
1850	12394
1851	12396
1852	12397
1853	12399
1854	12400
1855	12405
1856	12413
1857	12437
1858	12438
1859	12442
1860	12448
1861	12468
1862	12469
1863	12471
1864	12476
1865	12477
1866	12478
1867	12479
1868	12485
1869	12492
1870	12578
1871	12613
1872	12617
1873	12642
1874	12654
1875	12664
1876	12668
1877	12670
1878	12672
1879	12673
1880	12674
1881	12712
1882	12722
1883	12729
1884	12744
1885	12748
1886	12752
1887	12817
1888	12820
1889	12832
1890	12839
1891	12840
1892	12844
1893	12850
1894	12851
1895	12853
1896	12855
1897	12858
1898	12863
1899	12870
1900	12907
1901	12910
1902	12937
1903	12938
1904	12954
1905	12959
1906	12969
1907	12975
1908	12977
1909	12980
1910	12982
1911	13008
1912	13018
1913	13021
1914	13033
1915	13044
1916	13068
1917	13072
1918	13074
1919	13079
1920	13082
1921	13084
1922	13089
1923	13092
1924	13095
1925	13096
1926	13109
1927	13111
1928	13112
1929	13174
1930	13189
1931	13192
1932	13194
1933	13216
1934	13292
1935	13296
1936	13297
1937	13300
1938	13301
1939	13314
1940	13315
1941	13343
1942	13348
1943	13363
1944	13364
1945	13367
1946	13369
1947	13374
1948	13381
1949	13382
1950	13401
1951	13403
1952	13414
1953	13415
1954	13425
1955	13431
1956	13433
1957	13436
1958	13466
1959	13470
1960	13471
1961	13482
1962	13483
1963	13488
1964	13493
1965	13497
1966	13498
1967	13499
1968	13502
1969	13533
1970	13535
1971	13542
1972	13545
1973	13555
1974	13565
1975	13572
1976	13584
1977	13590
1978	13619
1979	13622
1980	13641
1981	13644
1982	13651
1983	13657
1984	13661
1985	13678
1986	13679
1987	13681
1988	13691
1989	13699
1990	13701
1991	13705
1992	13711
1993	13712
1994	13714
1995	13718
1996	13719
1997	13720
1998	13743
1999	13752
2000	13753
2001	13759
2002	13767
2003	13773
2004	13774
2005	13780
2006	13781
2007	13790
2008	13795
2009	13797
2010	13799
2011	13803
2012	13809
2013	13836
2014	13850
2015	13862
2016	13880
2017	13910
2018	13921
2019	13928
2020	13929
2021	13937
2022	13946
2023	13964
2024	13968
2025	13969
2026	13970
2027	13986
2028	13987
2029	13989
2030	14016
2031	14018
2032	14022
2033	14024
2034	14025
2035	14026
2036	14029
2037	14035
2038	14036
2039	14039
2040	14111
2041	14119
2042	14123
2043	14133
2044	14134
2045	14136
2046	14140
2047	14144
2048	14150
2049	14157
2050	14168
2051	14182
2052	14190
2053	14197
2054	14199
2055	14200
2056	14206
2057	14211
2058	14212
2059	14234
2060	14257
2061	14258
2062	14283
2063	14290
2064	14305
2065	14319
2066	14326
2067	14329
2068	14338
2069	14353
2070	14420
2071	14421
2072	14427
2073	14428
2074	14430
2075	14431
2076	14438
2077	14456
2078	14462
2079	14480
2080	14494
2081	14498
2082	14529
2083	14536
2084	14537
2085	14538
2086	14566
2087	14569
2088	14571
2089	14587
2090	14612
2091	14622
2092	14653
2093	14659
2094	14665
2095	14668
2096	14670
2097	14672
2098	14686
2099	14693
2100	14694
2101	14695
2102	14696
2103	14709
2104	14710
2105	14715
2106	14784
2107	14813
2108	14815
2109	14817
2110	14822
2111	14823
2112	14837
2113	14838
2114	14844
2115	14851
2116	14856
2117	14862
2118	14866
2119	14867
2120	14916
2121	14922
2122	14926
2123	14927
2124	14951
2125	14952
2126	14962
2127	15004
2128	15006
2129	15007
2130	15009
2131	15014
2132	15025
2133	15031
2134	15038
2135	15054
2136	15055
2137	15077
2138	15154
2139	15239
2140	15261
2141	15263
2142	15268
2143	15271
2144	15280
2145	15283
2146	15302
2147	15308
2148	15309
2149	15310
2150	15326
2151	15328
2152	15330
2153	15340
2154	15348
2155	15351
2156	15379
2157	15381
2158	15384
2159	15397
2160	15399
2161	15409
2162	15412
2163	15413
2164	15423
2165	15431
2166	15434
2167	15437
2168	15444
2169	15447
2170	15449
2171	15453
2172	15454
2173	15457
2174	15468
2175	15503
2176	15509
2177	15514
2178	15518
2179	15524
2180	15549
2181	15550
2182	15580
2183	15587
2184	15595
2185	15628
2186	15633
2187	15636
2188	15639
2189	15653
2190	15654
2191	15655
2192	15673
2193	15674
2194	15683
2195	15684
2196	15687
2197	15690
2198	15693
2199	15695
2200	15701
2201	15704
2202	15719
2203	15721
2204	15734
2205	15738
2206	15740
2207	15741
2208	15742
2209	15743
2210	15747
2211	15748
2212	15749
2213	15759
2214	15782
2215	15792
2216	15795
2217	15798
2218	15800
2219	15802
2220	15813
2221	15833
2222	15835
2223	15836
2224	15849
2225	15850
2226	15851
2227	15853
2228	15869
2229	15870
2230	15873
2231	15878
2232	15896
2233	15903
2234	15909
2235	15919
2236	15923
2237	15926
2238	15932
2239	15933
2240	15949
2241	15954
2242	15975
2243	15983
2244	15986
2245	15996
2246	16001
2247	16007
2248	16021
2249	16023
2250	16059
2251	16072
2252	16077
2253	16078
2254	16091
2255	16101
2256	16104
2257	16105
2258	16136
2259	16148
2260	16156
2261	16158
2262	16160
2263	16163
2264	16164
2265	16171
2266	16181
2267	16188
2268	16194
2269	16220
2270	16270
2271	16272
2272	16276
2273	16300
2274	16309
2275	16316
2276	16324
2277	16331
2278	16337
2279	16346
2280	16356
2281	16360
2282	16361
2283	16364
2284	16369
2285	16380
2286	16383
2287	16394
2288	16400
2289	16401
2290	16408
2291	16414
2292	16439
2293	16444
2294	16447
2295	16469
2296	16482
2297	16484
2298	16486
2299	16496
2300	16508
2301	16526
2302	16533
2303	16534
2304	16535
2305	16546
2306	16553
2307	16554
2308	16560
2309	16574
2310	16577
2311	16578
2312	16579
2313	16584
2314	16599
2315	16602
2316	16604
2317	16612
2318	16621
2319	16627
2320	16629
2321	16636
2322	16638
2323	16652
2324	16653
2325	16657
2326	16659
2327	16665
2328	16668
2329	16677
2330	16679
2331	16682
2332	16683
2333	16685
2334	16687
2335	16688
2336	16689
2337	16693
2338	16698
2339	16705
2340	16728
2341	16746
2342	16760
2343	16761
2344	16762
2345	16765
2346	16766
2347	16768
2348	16771
2349	16773
2350	16774
2351	16777
2352	16782
2353	16794
2354	16805
2355	16808
2356	16812
2357	16824
2358	16827
2359	16829
2360	16835
2361	16838
2362	16843
2363	16849
2364	16850
2365	16851
2366	16853
2367	16855
2368	16857
2369	16916
2370	16947
2371	16951
2372	16952
2373	16958
2374	16961
2375	16963
2376	16965
2377	16979
2378	16991
2379	17002
2380	17009
2381	17013
2382	17019
2383	17068
2384	17077
2385	17078
2386	17084
2387	17089
2388	17091
2389	17102
2390	17104
2391	17106
2392	17111
2393	17112
2394	17113
2395	17120
2396	17121
2397	17124
2398	17125
2399	17142
2400	17144
2401	17146
2402	17158
2403	17160
2404	17165
2405	17173
2406	17179
2407	17180
2408	17181
2409	17198
2410	17216
2411	17217
2412	17219
2413	17221
2414	17241
2415	17245
2416	17253
2417	17255
2418	17257
2419	17258
2420	17262
2421	17266
2422	17267
2423	17281
2424	17287
2425	17288
2426	17289
2427	17291
2428	17309
2429	17326
2430	17328
2431	17343
2432	17344
2433	17352
2434	17374
2435	17378
2436	17398
2437	17401
2438	17403
2439	17407
2440	17410
2441	17423
2442	17428
2443	17451
2444	17459
2445	17472
2446	17474
2447	17479
2448	17480
2449	17481
2450	17483
2451	17484
2452	17492
2453	17498
2454	17502
2455	17506
2456	17507
2457	17508
2458	17510
2459	17513
2460	17514
2461	17516
2462	17517
2463	17519
2464	17521
2465	17522
2466	17523
2467	17525
2468	17526
2469	17533
2470	17542
2471	17544
2472	17545
2473	17548
2474	17549
2475	17550
2476	17555
2477	17584
2478	17587
2479	17593
2480	17597
2481	17599
2482	17600
2483	17604
2484	17605
2485	17614
2486	17620
2487	17629
2488	17631
2489	17632
2490	17633
2491	17650
2492	17651
2493	17654
2494	17657
2495	17660
2496	17662
2497	17678
2498	17680
2499	17702
2500	17710
2501	17711
2502	17714
2503	17717
2504	17719
2505	17729
2506	17731
2507	17734
2508	17735
2509	17754
2510	17757
2511	17770
2512	17774
2513	17779
2514	17781
2515	17786
2516	17807
2517	17810
2518	17814
2519	17816
2520	17822
2521	17829
2522	17831
2523	17835
2524	17845
2525	17858
2526	17860
2527	17861
2528	17863
2529	17869
2530	17873
2531	17897
2532	17900
2533	17902
2534	17906
2535	17908
2536	17909
2537	17910
2538	17927
2539	17932
2540	17937
2541	17944
2542	17955
2543	17956
2544	17961
2545	17964
2546	17965
2547	17966
2548	17987
2549	17992
2550	18000
2551	18025
2552	18027
2553	18030
2554	18031
2555	18033
2556	18037
2557	18070
2558	18084
2559	18086
2560	18088
2561	18089
2562	18090
2563	18091
2564	18097
2565	18102
2566	18103
2567	18104
2568	18108
2569	18112
2570	18116
2571	18123
2572	18127
2573	18130
2574	18133
2575	18135
2576	18144
2577	18145
2578	18151
2579	18155
2580	18172
2581	18177
2582	18190
2583	18203
2584	18206
2585	18212
2586	18229
2587	18240
2588	18322
2589	18329
2590	18335
2591	18337
2592	18351
2593	18354
2594	18362
2595	18364
2596	18365
2597	18366
2598	18368
2599	18369
2600	18372
2601	18373
2602	18374
2603	18375
2604	18377
2605	18379
2606	18381
2607	18383
2608	18384
2609	18394
2610	18409
2611	18410
2612	18418
2613	18419
2614	18433
2615	18438
2616	18444
2617	18450
2618	18454
2619	18457
2620	18458
2621	18461
2622	18462
2623	18463
2624	18465
2625	18467
2626	18480
2627	18481
2628	18488
2629	18490
2630	18492
2631	18494
2632	18497
2633	18500
2634	18506
2635	18508
2636	18509
2637	18510
2638	18522
2639	18523
2640	18527
2641	18530
2642	18532
2643	18536
2644	18537
2645	18561
2646	18562
2647	18564
2648	18571
2649	18584
2650	18586
2651	18589
2652	18594
2653	18595
2654	18597
2655	18599
2656	18601
2657	18602
2658	18604
2659	18609
2660	18611
2661	18612
2662	18620
2663	18622
2664	18623
2665	18626
2666	18636
2667	18638
2668	18641
2669	18643
2670	18647
2671	18653
2672	18654
2673	18655
2674	18658
2675	18659
2676	18665
2677	18667
2678	18670
2679	18671
2680	18677
2681	18688
2682	18691
2683	18701
2684	18703
2685	18705
2686	18716
2687	18717
2688	18720
2689	18722
2690	18724
2691	18726
2692	18728
2693	18730
2694	18731
2695	18739
2696	18748
2697	18758
2698	18760
2699	18771
2700	18783
2701	18804
2702	18818
2703	18822
2704	18824
2705	18825
2706	18828
2707	18834
2708	18837
2709	18841
2710	18843
2711	18846
2712	18848
2713	18850
2714	18851
2715	18852
2716	18853
2717	18854
2718	18859
2719	18865
2720	18869
2721	18878
2722	18880
2723	18881
2724	18883
2725	18888
2726	18889
2727	18891
2728	18894
2729	18903
2730	18904
2731	18908
2732	18909
2733	18910
2734	18912
2735	18918
2736	18922
2737	18954
2738	18974
2739	18975
2740	18979
2741	18996
2742	19013
2743	19014
2744	19015
2745	19019
2746	19020
2747	19036
2748	19037
2749	19046
2750	19090
2751	19094
2752	19098
2753	19099
2754	19101
2755	19103
2756	19139
2757	19144
2758	19163
2759	19170
2760	19177
2761	19181
2762	19185
2763	19221
2764	19235
2765	19239
2766	19255
2767	19256
2768	19269
2769	19274
2770	19293
2771	19295
2772	19315
2773	19337
2774	19341
2775	19345
2776	19353
2777	19356
2778	19360
2779	19373
2780	19375
2781	19377
2782	19402
2783	19406
2784	19416
2785	19417
2786	19418
2787	19429
2788	19436
2789	19443
2790	19444
2791	19449
2792	19450
2793	19454
2794	19466
2795	19488
2796	19500
2797	19509
2798	19512
2799	19521
2800	19526
2801	19527
2802	19530
2803	19532
2804	19546
2805	19564
2806	19568
2807	19570
2808	19578
2809	19590
2810	19592
2811	19598
2812	19599
2813	19602
2814	19609
2815	19618
2816	19623
2817	19635
2818	19647
2819	19653
2820	19656
2821	19658
2822	19665
2823	19673
2824	19682
2825	19684
2826	19685
2827	19693
2828	19698
2829	19700
2830	19702
2831	19705
2832	19706
2833	19728
2834	19735
2835	19749
2836	19755
2837	19756
2838	19766
2839	19768
2840	19769
2841	19784
2842	19786
2843	19796
2844	19798
2845	19802
2846	19825
2847	19827
2848	19829
2849	19843
2850	19844
2851	19845
2852	19850
2853	19853
2854	19855
2855	19858
2856	19866
2857	19867
2858	19897
2859	19903
2860	19910
2861	19936
2862	19955
2863	19973
2864	19994
2865	19997
2866	20001
2867	20013
2868	20014
2869	20036
2870	20055
2871	20062
2872	20066
2873	20067
2874	20074
2875	20085
2876	20095
2877	20105
2878	20111
2879	20117
2880	20118
2881	20121
2882	20125
2883	20129
2884	20147
2885	20152
2886	20162
2887	20181
2888	20189
2889	20192
2890	20195
2891	20197
2892	20199
2893	20201
2894	20202
2895	20225
2896	20236
2897	20241
2898	20251
2899	20253
2900	20270
2901	20272
2902	20276
2903	20291
2904	20297
2905	20305
2906	20316
2907	20321
2908	20328
2909	20334
2910	20337
2911	20338
2912	20344
2913	20347
2914	20351
2915	20372
2916	20376
2917	20378
2918	20379
2919	20382
2920	20386
2921	20406
2922	20407
2923	20408
2924	20418
2925	20445
2926	20447
2927	20457
2928	20460
2929	20482
2930	20511
2931	20512
2932	20515
2933	20532
2934	20533
2935	20534
2936	20559
2937	20562
2938	20563
2939	20567
2940	20569
2941	20577
2942	20578
2943	20581
2944	20584
2945	20588
2946	20589
2947	20596
2948	20599
2949	20600
2950	20601
2951	20604
2952	20607
2953	20611
2954	20612
2955	20629
2956	20637
2957	20641
2958	20646
2959	20657
2960	20660
2961	20661
2962	20667
2963	20669
2964	20671
2965	20673
2966	20678
2967	20683
2968	20685
2969	20688
2970	20690
2971	20692
2972	20695
2973	20711
2974	20718
2975	20720
2976	20721
2977	20729
2978	20731
2979	20753
2980	20755
2981	20762
2982	20763
2983	20773
2984	20804
2985	20805
2986	20807
2987	20823
2988	20840
2989	20869
2990	20872
2991	20882
2992	20887
2993	20889
2994	20891
2995	20894
2996	20895
2997	20900
2998	20902
2999	20905
3000	20918
3001	20922
3002	20924
3003	20938
3004	20940
3005	20941
3006	20943
3007	20950
3008	20956
3009	21004
3010	21006
3011	21017
3012	21032
3013	21036
3014	21037
3015	21040
3016	21053
3017	21055
3018	21060
3019	21082
3020	21083
3021	21094
3022	21095
3023	21099
3024	21102
3025	21121
3026	21128
3027	21133
3028	21151
3029	21175
3030	21204
3031	21210
3032	21214
3033	21226
3034	21229
3035	21247
3036	21249
3037	21260
3038	21261
3039	21262
3040	21268
3041	21274
3042	21278
3043	21282
3044	21286
3045	21290
3046	21293
3047	21294
3048	21298
3049	21299
3050	21301
3051	21302
3052	21304
3053	21305
3054	21307
3055	21313
3056	21315
3057	21317
3058	21327
3059	21357
3060	21381
3061	21384
3062	21387
3063	21425
3064	21435
3065	21459
3066	21460
3067	21461
3068	21462
3069	21465
3070	21466
3071	21467
3072	21652
3073	21663
3074	21667
3075	21671
3076	21672
3077	21687
3078	21702
3079	21703
3080	21707
3081	21709
3082	21713
3083	21721
3084	21724
3085	21728
3086	21733
3087	21742
3088	21744
3089	21745
3090	21751
3091	21791
3092	21794
3093	21796
3094	21798
3095	21818
3096	21825
3097	21827
3098	21828
3099	21832
3100	21833
3101	21838
3102	21847
3103	21850
3104	21852
3105	21856
3106	21861
3107	21866
3108	21888
3109	21889
3110	21894
3111	21899
3112	21900
3113	21904
3114	21905
3115	21907
3116	21915
3117	21916
3118	21920
3119	21955
3120	21956
3121	21957
3122	21958
3123	21959
3124	22014
3125	22026
3126	22028
3127	22029
3128	22031
3129	22033
3130	22041
3131	22042
3132	22044
3133	22071
3134	22085
3135	22086
3136	22090
3137	22094
3138	22097
3139	22100
3140	22101
3141	22103
3142	22104
3143	22125
3144	22159
3145	22166
3146	22175
3147	22182
3148	22200
3149	22201
3150	22209
3151	22218
3152	22219
3153	22220
3154	22221
3155	22222
3156	22224
3157	22226
3158	22227
3159	22228
3160	22231
3161	22236
3162	22247
3163	22255
3164	22257
3165	22258
3166	22259
3167	22263
3168	22264
3169	22270
3170	22279
3171	22283
3172	22288
3173	22290
3174	22293
3175	22304
3176	22305
3177	22306
3178	22308
3179	22309
3180	22310
3181	22313
3182	22315
3183	22317
3184	22319
3185	22330
3186	22332
3187	22334
3188	22339
3189	22340
3190	22341
3191	22342
3192	22348
3193	22353
3194	22368
3195	22369
3196	22373
3197	22374
3198	22375
3199	22378
3200	22385
3201	22402
3202	22404
3203	22405
3204	22410
3205	22411
3206	22412
3207	22413
3208	22418
3209	22420
3210	22430
3211	22432
3212	22439
3213	22441
3214	22445
3215	22449
3216	22452
3217	22457
3218	22462
3219	22464
3220	22466
3221	22469
3222	22471
3223	22477
3224	22478
3225	22481
3226	22482
3227	22487
3228	22489
3229	22490
3230	22505
3231	22514
3232	22520
3233	22526
3234	22530
3235	22532
3236	22555
3237	22559
3238	22566
3239	22573
3240	22603
3241	22608
3242	22616
3243	22618
3244	22623
3245	22652
3246	22656
3247	22657
3248	22669
3249	22674
3250	22694
3251	22700
3252	22704
3253	22706
3254	22712
3255	22716
3256	22720
3257	22723
3258	22744
3259	22747
3260	22748
3261	22751
3262	22756
3263	22771
3264	22782
3265	22785
3266	22787
3267	22789
3268	22825
3269	22845
3270	22847
3271	22851
3272	22858
3273	22864
3274	22869
3275	22878
3276	22880
3277	22883
3278	22889
3279	22893
3280	22910
3281	22925
3282	22937
3283	22944
3284	22946
3285	22947
3286	22953
3287	22955
3288	22956
3289	22960
3290	22965
3291	22970
3292	22974
3293	22975
3294	22977
3295	22981
3296	22990
3297	22997
3298	23119
3299	23122
3300	23130
3301	23154
3302	23219
3303	23220
3304	23228
3305	23236
3306	23246
3307	23248
3308	23255
3309	23264
3310	23265
3311	23269
3312	23272
3313	23295
3314	23296
3315	23298
3316	23301
3317	23302
3318	23304
3319	23305
3320	23306
3321	23312
3322	23318
3323	23325
3324	23335
3325	23338
3326	23345
3327	23350
3328	23353
3329	23364
3330	23367
3331	23379
3332	23388
3333	23389
3334	23396
3335	23401
3336	23404
3337	23407
3338	23411
3339	23412
3340	23416
3341	23433
3342	23435
3343	23436
3344	23437
3345	23455
3346	23459
3347	23473
3348	23475
3349	23492
3350	23512
3351	23513
3352	23519
3353	23638
3354	23643
3355	23662
3356	23685
3357	23702
3358	23717
3359	23719
3360	23721
3361	23808
3362	23823
3363	23824
3364	23825
3365	23844
3366	23845
3367	23872
3368	23877
3369	23896
3370	23897
3371	23904
3372	23911
3373	23914
3374	23917
3375	23920
3376	23922
3377	23925
3378	23927
3379	23937
3380	23945
3381	23947
3382	23949
3383	23950
3384	23957
3385	23986
3386	23987
3387	23994
3388	23996
3389	24014
3390	24017
3391	24019
3392	24027
3393	24029
3394	24031
3395	24039
3396	24050
3397	24055
3398	24058
3399	24082
3400	24084
3401	24088
3402	24099
3403	24103
3404	24104
3405	24106
3406	24111
3407	24134
3408	24135
3409	24190
3410	24192
3411	24194
3412	24195
3413	24201
3414	24204
3415	24207
3416	24209
3417	24211
3418	24213
3419	24215
3420	24222
3421	24229
3422	24233
3423	24236
3424	24237
3425	24272
3426	24274
3427	24277
3428	24280
3429	24287
3430	24293
3431	24296
3432	24297
3433	24300
3434	24301
3435	24304
3436	24309
3437	24310
3438	24313
3439	24316
3440	24363
3441	24370
3442	24376
3443	24377
3444	24379
3445	24381
3446	24418
3447	24430
3448	24445
3449	24446
3450	24450
3451	24453
3452	24456
3453	24474
3454	24476
3455	24477
3456	24483
3457	24490
3458	24500
3459	24504
3460	24523
3461	24527
3462	24528
3463	24544
3464	24547
3465	24552
3466	24580
3467	24584
3468	24585
3469	24613
3470	24614
3471	24616
3472	24624
3473	24630
3474	24632
3475	24633
3476	24636
3477	24641
3478	24642
3479	24645
3480	24692
3481	24694
3482	24719
3483	24728
3484	24729
3485	24734
3486	24740
3487	24744
3488	24745
3489	24765
3490	24787
3491	24808
3492	24816
3493	24846
3494	24858
3495	24861
3496	24862
3497	24888
3498	24890
3499	24892
3500	24924
3501	24927
3502	24951
3503	24955
3504	24956
3505	24957
3506	24968
3507	24969
3508	24972
3509	24973
3510	25005
3511	25008
3512	25018
3513	25019
3514	25029
3515	25041
3516	25047
3517	25056
3518	25069
3519	25071
3520	25072
3521	25084
3522	25086
3523	25092
3524	25097
3525	25098
3526	25117
3527	25132
3528	25137
3529	25154
3530	25163
3531	25171
3532	25178
3533	25196
3534	25206
3535	25210
3536	25212
3537	25219
3538	25233
3539	25234
3540	25247
3541	25266
3542	25273
3543	25279
3544	25282
3545	25289
3546	25291
3547	25294
3548	25331
3549	25332
3550	25333
3551	25343
3552	25366
3553	25367
3554	25375
3555	25403
3556	25404
3557	25406
3558	25412
3559	25414
3560	25415
3561	25418
3562	25424
3563	25432
3564	25444
3565	25445
3566	25446
3567	25447
3568	25448
3569	25451
3570	25462
3571	25463
3572	25465
3573	25496
3574	25497
3575	25520
3576	25527
3577	25539
3578	25547
3579	25618
3580	25619
3581	25623
3582	25640
3583	25659
3584	25681
3585	25690
3586	25691
3587	25694
3588	25708
3589	25711
3590	25714
3591	25723
3592	25727
3593	25729
3594	25734
3595	25737
3596	25743
3597	25745
3598	25746
3599	25747
3600	25748
3601	25750
3602	25753
3603	25756
3604	25757
3605	25763
3606	25766
3607	25771
3608	25772
3609	25773
3610	25776
3611	25780
3612	25783
3613	25784
3614	25786
3615	25788
3616	25798
3617	25801
3618	25802
3619	25805
3620	25811
3621	25822
3622	25824
3623	25845
3624	25853
3625	25875
3626	25878
3627	25904
3628	25938
3629	25941
3630	25944
3631	26004
3632	26006
3633	26036
3634	26037
3635	26041
3636	26047
3637	26059
3638	26147
3639	26160
3640	26194
3641	26196
3642	26197
3643	26198
3644	26211
3645	26214
3646	26215
3647	26216
3648	26220
3649	26221
3650	26222
3651	26226
3652	26228
3653	26253
3654	26256
3655	26262
3656	26265
3657	26269
3658	26273
3659	26285
3660	26286
3661	26289
3662	26312
3663	26313
3664	26316
3665	26335
3666	26340
3667	26342
3668	26351
3669	26370
3670	26385
3671	26387
3672	26393
3673	26397
3674	26402
3675	26407
3676	26408
3677	26409
3678	26412
3679	26418
3680	26495
3681	26497
3682	26581
3683	26674
3684	26746
3685	26751
3686	26761
3687	26769
3688	26770
3689	26773
3690	26785
3691	26794
3692	26803
3693	26817
3694	26819
3695	26823
3696	26831
3697	26847
3698	26852
3699	26858
3700	26859
3701	26866
3702	26913
3703	26915
3704	26919
3705	26920
3706	26940
3707	26941
3708	26946
3709	26947
3710	26960
3711	26963
3712	27001
3713	27003
3714	27024
3715	27036
3716	27040
3717	27055
3718	27058
3719	27059
3720	27069
3721	27079
3722	27081
3723	27082
3724	27090
3725	27091
3726	27106
3727	27112
3728	27119
3729	27158
3730	27162
3731	27163
3732	27168
3733	27193
3734	27195
3735	27196
3736	27198
3737	27203
3738	27205
3739	27206
3740	27209
3741	27210
3742	27212
3743	27218
3744	27219
3745	27224
3746	27228
3747	27229
3748	27239
3749	27241
3750	27245
3751	27248
3752	27249
3753	27265
3754	27272
3755	27289
3756	27305
3757	27311
3758	27318
3759	27338
3760	27355
3761	27361
3762	27362
3763	27363
3764	27364
3765	27381
3766	27395
3767	27401
3768	27407
3769	27411
3770	27415
3771	27421
3772	27425
3773	27443
3774	27444
3775	27445
3776	27446
3777	27450
3778	27452
3779	27473
3780	27499
3781	27520
3782	27523
3783	27526
3784	27527
3785	27528
3786	27531
3787	27532
3788	27538
3789	27549
3790	27551
3791	27552
3792	27553
3793	27576
3794	27579
3795	27584
3796	27590
3797	27593
3798	27604
3799	27607
3800	27611
3801	27620
3802	27621
3803	27622
3804	27624
3805	27626
3806	27629
3807	27630
3808	27632
3809	27637
3810	27654
3811	27664
3812	27669
3813	27671
3814	27675
3815	27677
3816	27680
3817	27689
3818	27692
3819	27695
3820	27696
3821	27699
3822	27702
3823	27703
3824	27704
3825	27707
3826	27708
3827	27709
3828	27711
3829	27714
3830	27719
3831	27722
3832	27724
3833	27730
3834	27733
3835	27734
3836	27736
3837	27737
3838	27740
3839	27741
3840	27742
3841	27744
3842	27748
3843	27750
3844	27751
3845	27752
3846	27755
3847	27771
3848	27773
3849	27781
3850	27782
3851	27783
3852	27784
3853	27787
3854	27790
3855	27797
3856	27799
3857	27801
3858	27802
3859	27810
3860	27812
3861	27813
3862	27815
3863	27818
3864	27824
3865	27831
3866	27833
3867	27834
3868	27838
3869	27839
3870	27843
3871	27844
3872	27849
3873	27855
3874	27858
3875	27861
3876	27863
3877	27865
3878	27870
3879	27871
3880	27872
3881	27874
3882	27887
3883	27891
3884	27896
3885	27923
3886	27924
3887	27936
3888	27938
3889	27939
3890	27941
3891	27944
3892	27951
3893	27952
3894	27953
3895	27954
3896	27955
3897	27956
3898	27965
3899	27967
3900	27968
3901	27969
3902	27982
3903	27985
3904	27988
3905	27992
3906	27994
3907	27995
3908	27999
3909	28006
3910	28016
3911	28020
3912	28022
3913	28029
3914	28031
3915	28034
3916	28038
3917	28042
3918	28043
3919	28047
3920	28050
3921	28053
3922	28054
3923	28055
3924	28056
3925	28058
3926	28059
3927	28078
3928	28089
3929	28092
3930	28095
3931	28096
3932	28116
3933	28118
3934	28127
3935	28159
3936	28170
3937	28172
3938	28175
3939	28177
3940	28179
3941	28184
3942	28194
3943	28195
3944	28211
3945	28212
3946	28213
3947	28241
3948	28250
3949	28253
3950	28254
3951	28256
3952	28258
3953	28262
3954	28263
3955	28275
3956	28281
3957	28284
3958	28286
3959	28291
3960	28295
3961	28311
3962	28312
3963	28314
3964	28315
3965	28325
3966	28326
3967	28329
3968	28332
3969	28337
3970	28340
3971	28347
3972	28355
3973	28356
3974	28368
3975	28369
3976	28380
3977	28407
3978	28411
3979	28423
3980	28425
3981	28432
3982	28437
3983	28451
3984	28453
3985	28481
3986	28484
3987	28488
3988	28490
3989	28491
3990	28493
3991	28506
3992	28522
3993	28523
3994	28527
3995	28536
3996	28549
3997	28557
3998	28569
3999	28571
4000	28581
4001	28583
4002	28590
4003	28598
4004	28615
4005	28626
4006	28629
4007	28635
4008	28677
4009	28682
4010	28712
4011	28715
4012	28727
4013	28739
4014	28751
4015	28781
4016	28813
4017	28815
4018	28875
4019	28877
4020	28893
4021	28906
4022	28919
4023	28941
4024	28967
4025	28976
4026	28979
4027	28980
4028	28992
4029	28994
4030	29002
4031	29018
4032	29022
4033	29023
4034	29030
4035	29056
4036	29063
4037	29064
4038	29074
4039	29075
4040	29076
4041	29079
4042	29083
4043	29088
4044	29094
4045	29096
4046	29102
4047	29104
4048	29108
4049	29121
4050	29127
4051	29129
4052	29132
4053	29136
4054	29146
4055	29157
4056	29159
4057	29165
4058	29167
4059	29168
4060	29170
4061	29172
4062	29173
4063	29183
4064	29192
4065	29200
4066	29202
4067	29206
4068	29207
4069	29211
4070	29215
4071	29234
4072	29235
4073	29237
4074	29238
4075	29244
4076	29249
4077	29251
4078	29252
4079	29268
4080	29271
4081	29272
4082	29314
4083	29315
4084	29327
4085	29328
4086	29343
4087	29344
4088	29372
4089	29383
4090	29384
4091	29406
4092	29413
4093	29433
4094	29458
4095	29459
4096	29462
4097	29478
4098	29482
4099	29528
4100	29541
4101	29550
4102	29558
4103	29571
4104	29574
4105	29575
4106	29579
4107	29581
4108	29589
4109	29591
4110	29596
4111	29611
4112	29612
4113	29613
4114	29633
4115	29636
4116	29637
4117	29647
4118	29654
4119	29660
4120	29662
4121	29667
4122	29672
4123	29674
4124	29678
4125	29679
4126	29680
4127	29681
4128	29687
4129	29689
4130	29702
4131	29709
4132	29719
4133	29720
4134	29729
4135	29737
4136	29740
4137	29746
4138	29747
4139	29752
4140	29754
4141	29758
4142	29759
4143	29762
4144	29765
4145	29776
4146	29777
4147	29784
4148	29785
4149	29794
4150	29795
4151	29796
4152	29799
4153	29802
4154	29803
4155	29805
4156	29808
4157	29813
4158	29815
4159	29824
4160	29832
4161	29838
4162	29840
4163	29841
4164	29843
4165	29857
4166	29858
4167	29862
4168	29865
4169	29899
4170	29902
4171	29904
4172	29907
4173	29912
4174	29919
4175	29921
4176	29924
4177	29925
4178	29939
4179	29940
4180	29960
4181	30001
4182	30011
4183	30022
4184	30027
4185	30029
4186	30033
4187	30037
4188	30038
4189	30039
4190	30045
4191	30047
4192	30050
4193	30052
4194	30056
4195	30057
4196	30067
4197	30083
4198	30096
4199	30100
4200	30101
4201	30105
4202	30118
4203	30121
4204	30127
4205	30129
4206	30135
4207	30151
4208	30153
4209	30178
4210	30196
4211	30206
4212	30207
4213	30214
4214	30238
4215	30240
4216	30246
4217	30247
4218	30259
4219	30288
4220	30292
4221	30294
4222	30295
4223	30302
4224	30304
4225	30313
4226	30314
4227	30317
4228	30319
4229	30321
4230	30325
4231	30328
4232	30333
4233	30336
4234	30338
4235	30339
4236	30340
4237	30346
4238	30347
4239	30349
4240	30351
4241	30352
4242	30353
4243	30354
4244	30356
4245	30366
4246	30369
4247	30384
4248	30399
4249	30415
4250	30417
4251	30422
4252	30423
4253	30427
4254	30436
4255	30439
4256	30440
4257	30443
4258	30458
4259	30477
4260	30480
4261	30481
4262	30483
4263	30492
4264	30567
4265	30570
4266	30572
4267	30574
4268	30605
4269	30651
4270	30652
4271	30656
4272	30658
4273	30662
4274	30667
4275	30710
4276	30724
4277	30732
4278	30736
4279	30738
4280	30746
4281	30748
4282	30751
4283	30752
4284	30753
4285	30755
4286	30762
4287	30774
4288	30779
4289	30780
4290	30783
4291	30799
4292	30805
4293	30816
4294	30828
4295	30842
4296	30844
4297	30847
4298	30867
4299	30870
4300	30872
4301	30875
4302	30879
4303	30880
4304	30881
4305	30882
4306	30892
4307	30895
4308	30912
4309	30913
4310	30915
4311	30920
4312	30929
4313	30966
4314	30967
4315	30985
4316	30988
4317	31020
4318	31021
4319	31025
4320	31036
4321	31038
4322	31063
4323	31071
4324	31072
4325	31073
4326	31075
4327	31078
4328	31083
4329	31087
4330	31095
4331	31100
4332	31106
4333	31119
4334	31120
4335	31127
4336	31129
4337	31130
4338	31136
4339	31143
4340	31144
4341	31147
4342	31156
4343	31158
4344	31167
4345	31176
4346	31209
4347	31212
4348	31223
4349	31230
4350	31239
4351	31277
4352	31279
4353	31287
4354	31289
4355	31292
4356	31296
4357	31297
4358	31300
4359	31306
4360	31309
4361	31311
4362	31314
4363	31318
4364	31322
4365	31326
4366	31328
4367	31331
4368	31332
4369	31338
4370	31340
4371	31342
4372	31421
4373	31568
4374	31573
4375	31578
4376	31580
4377	31582
4378	31588
4379	31589
4380	31590
4381	31591
4382	31594
4383	31597
4384	31634
4385	31678
4386	31681
4387	31685
4388	31691
4389	31701
4390	31705
4391	31708
4392	31725
4393	31728
4394	31731
4395	31739
4396	31746
4397	31747
4398	31748
4399	31750
4400	31752
4401	31755
4402	31765
4403	31770
4404	31772
4405	31774
4406	31776
4407	31778
4408	31780
4409	31781
4410	31786
4411	31796
4412	31801
4413	31807
4414	31809
4415	31812
4416	31813
4417	31818
4418	31820
4419	31821
4420	31826
4421	31827
4422	31829
4423	31832
4424	31834
4425	31836
4426	31838
4427	31843
4428	31845
4429	31853
4430	31875
4431	31877
4432	31880
4433	31884
4434	31886
4435	31889
4436	31891
4437	31893
4438	31894
4439	31899
4440	31900
4441	31901
4442	31902
4443	31904
4444	31905
4445	31906
4446	31907
4447	31911
4448	31917
4449	31918
4450	31919
4451	31921
4452	31934
4453	31936
4454	31938
4455	31939
4456	31941
4457	31953
4458	31958
4459	31960
4460	31961
4461	31963
4462	31965
4463	31966
4464	31969
4465	31970
4466	31971
4467	31976
4468	31979
4469	31981
4470	31983
4471	31987
4472	31988
4473	31996
4474	32001
4475	32005
4476	32006
4477	32007
4478	32009
4479	32012
4480	32014
4481	32016
4482	32017
4483	32024
4484	32026
4485	32029
4486	32030
4487	32031
4488	32032
4489	32033
4490	32035
4491	32037
4492	32038
4493	32042
4494	32050
4495	32054
4496	32060
4497	32063
4498	32070
4499	32074
4500	32077
4501	32080
4502	32082
4503	32084
4504	32086
4505	32087
4506	32094
4507	32096
4508	32103
4509	32105
4510	32106
4511	32108
4512	32116
4513	32119
4514	32122
4515	32125
4516	32126
4517	32129
4518	32132
4519	32135
4520	32137
4521	32142
4522	32162
4523	32165
4524	32168
4525	32170
4526	32171
4527	32172
4528	32173
4529	32176
4530	32177
4531	32180
4532	32181
4533	32202
4534	32203
4535	32218
4536	32220
4537	32228
4538	32239
4539	32240
4540	32241
4541	32267
4542	32271
4543	32274
4544	32280
4545	32282
4546	32290
4547	32294
4548	32313
4549	32328
4550	32337
4551	32340
4552	32343
4553	32344
4554	32348
4555	32354
4556	32360
4557	32371
4558	32378
4559	32379
4560	32380
4561	32384
4562	32386
4563	32399
4564	32402
4565	32408
4566	32421
4567	32432
4568	32437
4569	32438
4570	32451
4571	32459
4572	32461
4573	32464
4574	32470
4575	32475
4576	32482
4577	32483
4578	32488
4579	32492
4580	32517
4581	32521
4582	32529
4583	32535
4584	32537
4585	32543
4586	32562
4587	32563
4588	32564
4589	32571
4590	32576
4591	32580
4592	32599
4593	32624
4594	32687
4595	32729
4596	32735
4597	32741
4598	32751
4599	32753
4600	32765
4601	32768
4602	32776
4603	32779
4604	32788
4605	32789
4606	32798
4607	32799
4608	32800
4609	32805
4610	32806
4611	32850
4612	32851
4613	32874
4614	32911
4615	32912
4616	32913
4617	32923
4618	32932
4619	32933
4620	32935
4621	32938
4622	32939
4623	32940
4624	32943
4625	32944
4626	32945
4627	32959
4628	32966
4629	32992
4630	32999
4631	33000
4632	33005
4633	33009
4634	33014
4635	33015
4636	33016
4637	33025
4638	33050
4639	33068
4640	33069
4641	33071
4642	33102
4643	33104
4644	33112
4645	33119
4646	33122
4647	33124
4648	33129
4649	33154
4650	33156
4651	33158
4652	33161
4653	33165
4654	33167
4655	33169
4656	33176
4657	33196
4658	33197
4659	33199
4660	33201
4661	33205
4662	33206
4663	33207
4664	33209
4665	33214
4666	33219
4667	33223
4668	33225
4669	33242
4670	33245
4671	33246
4672	33257
4673	33286
4674	33352
4675	33374
4676	33382
4677	33384
4678	33387
4679	33388
4680	33397
4681	33403
4682	33407
4683	33409
4684	33412
4685	33413
4686	33418
4687	33420
4688	33462
4689	33468
4690	33472
4691	33520
4692	33523
4693	33524
4694	33525
4695	33552
4696	33553
4697	33561
4698	33573
4699	33599
4700	33602
4701	33605
4702	33606
4703	33610
4704	33635
4705	33641
4706	33642
4707	33648
4708	33671
4709	33675
4710	33678
4711	33688
4712	33689
4713	33693
4714	33694
4715	33699
4716	33703
4717	33704
4718	33710
4719	33712
4720	33713
4721	33720
4722	33721
4723	33722
4724	33723
4725	33724
4726	33730
4727	33738
4728	33740
4729	33742
4730	33751
4731	33759
4732	33783
4733	33791
4734	33792
4735	33842
4736	33877
4737	33881
4738	33884
4739	33907
4740	33919
4741	33921
4742	33927
4743	33950
4744	33971
4745	33979
4746	33989
4747	34001
4748	34005
4749	34026
4750	34027
4751	34036
4752	34043
4753	34056
4754	34057
4755	34060
4756	34088
4757	34092
4758	34118
4759	34119
4760	34122
4761	34130
4762	34142
4763	34159
4764	34165
4765	34170
4766	34171
4767	34199
4768	34203
4769	34204
4770	34206
4771	34207
4772	34218
4773	34227
4774	34231
4775	34238
4776	34249
4777	34255
4778	34268
4779	34277
4780	34282
4781	34285
4782	34302
4783	34304
4784	34316
4785	34322
4786	34330
4787	34335
4788	34374
4789	34380
4790	34408
4791	34409
4792	34410
4793	34412
4794	34438
4795	34440
4796	34456
4797	34461
4798	34462
4799	34466
4800	34468
4801	34470
4802	34497
4803	34504
4804	34506
4805	34515
4806	34521
4807	34525
4808	34527
4809	34557
4810	34562
4811	34571
4812	34579
4813	34586
4814	34587
4815	34592
4816	34593
4817	34594
4818	34596
4819	34597
4820	34603
4821	34606
4822	34610
4823	34619
4824	34635
4825	34637
4826	34639
4827	34641
4828	34642
4829	34651
4830	34652
4831	34657
4832	34668
4833	34671
4834	34673
4835	34680
4836	34681
4837	34684
4838	34703
4839	34759
4840	34760
4841	34761
4842	34773
4843	34779
4844	34780
4845	34781
4846	34784
4847	34786
4848	34787
4849	34788
4850	34790
4851	34795
4852	34798
4853	34801
4854	34822
4855	34835
4856	34841
4857	34846
4858	34847
4859	34848
4860	34855
4861	34856
4862	34858
4863	34859
4864	34869
4865	34909
4866	34911
4867	34915
4868	34916
4869	34919
4870	34925
4871	34929
4872	34931
4873	34934
4874	34937
4875	34940
4876	34942
4877	34944
4878	34948
4879	34949
4880	34951
4881	34952
4882	34953
4883	34956
4884	34958
4885	34962
4886	34965
4887	34972
4888	34974
4889	34979
4890	34980
4891	34982
4892	34984
4893	34985
4894	34997
4895	34999
4896	35001
4897	35006
4898	35009
4899	35011
4900	35018
4901	35020
4902	35023
4903	35024
4904	35033
4905	35037
4906	35038
4907	35040
4908	35042
4909	35045
4910	35050
4911	35055
4912	35056
4913	35086
4914	35092
4915	35108
4916	35122
4917	35141
4918	35144
4919	35145
4920	35166
4921	35185
4922	35188
4923	35203
4924	35222
4925	35230
4926	35236
4927	35238
4928	35240
4929	35249
4930	35253
4931	35255
4932	35262
4933	35267
4934	35270
4935	35274
4936	35291
4937	35293
4938	35297
4939	35300
4940	35318
4941	35323
4942	35339
4943	35352
4944	35360
4945	35367
4946	35391
4947	35393
4948	35424
4949	35450
4950	35466
4951	35467
4952	35485
4953	35492
4954	35513
4955	35519
4956	35531
4957	35546
4958	35547
4959	35549
4960	35553
4961	35555
4962	35567
4963	35581
4964	35582
4965	35586
4966	35596
4967	35597
4968	35604
4969	35610
4970	35624
4971	35654
4972	35655
4973	35657
4974	35659
4975	35660
4976	35676
4977	35679
4978	35692
4979	35693
4980	35704
4981	35707
4982	35715
4983	35720
4984	35722
4985	35723
4986	35725
4987	35750
4988	35752
4989	35753
4990	35757
4991	35760
4992	35762
4993	35764
4994	35771
4995	35774
4996	35776
4997	35797
4998	35798
4999	35799
5000	35808
5001	35826
5002	35827
5003	35829
5004	35832
5005	35847
5006	35848
5007	35855
5008	35856
5009	35857
5010	35859
5011	35865
5012	35869
5013	35870
5014	35873
5015	35874
5016	35878
5017	35880
5018	35883
5019	35884
5020	35886
5021	35887
5022	35891
5023	35895
5024	35909
5025	35910
5026	35914
5027	35918
5028	35920
5029	35921
5030	35925
5031	35928
5032	35930
5033	35934
5034	35936
5035	35942
5036	35943
5037	35956
5038	35959
5039	35965
5040	35966
5041	35968
5042	35971
5043	35973
5044	36007
5045	36022
5046	36023
5047	36033
5048	36041
5049	36043
5050	36045
5051	36047
5052	36048
5053	36051
5054	36076
5055	36077
5056	36084
5057	36085
5058	36086
5059	36088
5060	36089
5061	36090
5062	36093
5063	36102
5064	36104
5065	36105
5066	36107
5067	36108
5068	36111
5069	36114
5070	36115
5071	36119
5072	36126
5073	36128
5074	36134
5075	36144
5076	36145
5077	36146
5078	36148
5079	36149
5080	36153
5081	36155
5082	36157
5083	36160
5084	36164
5085	36170
5086	36171
5087	36172
5088	36179
5089	36180
5090	36184
5091	36187
5092	36188
5093	36196
5094	36200
5095	36202
5096	36206
5097	36211
5098	36213
5099	36218
5100	36220
5101	36222
5102	36223
5103	36225
5104	36231
5105	36232
5106	36234
5107	36235
5108	36240
5109	36244
5110	36253
5111	36259
5112	36273
5113	36275
5114	36278
5115	36279
5116	36282
5117	36352
5118	36380
5119	36384
5120	36417
5121	36426
5122	36428
5123	36432
5124	36435
5125	36436
5126	36454
5127	36462
5128	36463
5129	36465
5130	36467
5131	36469
5132	36470
5133	36471
5134	36556
5135	36558
5136	36561
5137	36564
5138	36583
5139	36598
5140	36599
5141	36600
5142	36613
5143	36616
5144	36641
5145	36675
5146	36679
5147	36692
5148	36703
5149	36707
5150	36717
5151	36723
5152	36730
5153	36731
5154	36734
5155	36750
5156	36757
5157	36768
5158	36788
5159	36803
5160	36815
5161	36820
5162	36823
5163	36837
5164	36858
5165	36860
5166	36869
5167	36875
5168	36876
5169	36877
5170	36891
5171	36902
5172	36903
5173	36921
5174	36928
5175	36930
5176	36933
5177	36936
5178	36938
5179	36941
5180	36947
5181	36955
5182	36960
5183	36994
5184	37002
5185	37004
5186	37007
5187	37012
5188	37016
5189	37022
5190	37032
5191	37036
5192	37053
5193	37058
5194	37064
5195	37066
5196	37069
5197	37071
5198	37084
5199	37092
5200	37094
5201	37096
5202	37100
5203	37101
5204	37106
5205	37107
5206	37108
5207	37119
5208	37131
5209	37141
5210	37148
5211	37162
5212	37174
5213	37176
5214	37184
5215	37185
5216	37232
5217	37240
5218	37324
5219	37325
5220	37326
5221	37327
5222	37354
5223	37356
5224	37357
5225	37375
5226	37380
5227	37402
5228	37409
5229	37413
5230	37430
5231	37489
5232	37516
5233	37527
5234	37534
5235	37535
5236	37552
5237	37561
5238	37570
5239	37587
5240	37596
5241	37612
5242	37643
5243	37647
5244	37649
5245	37672
5246	37718
5247	37720
5248	37721
5249	37722
5250	37726
5251	37734
5252	37751
5253	37770
5254	37771
5255	37774
5256	37775
5257	37782
5258	37785
5259	37803
5260	37806
5261	37808
5262	37844
5263	37854
5264	37911
5265	37914
5266	37919
5267	37925
5268	37927
5269	37928
5270	37929
5271	37952
5272	37962
5273	37983
5274	37985
5275	37987
5276	37994
5277	37995
5278	38144
5279	38153
5280	38155
5281	38159
5282	38161
5283	38163
5284	38172
5285	38176
5286	38177
5287	38185
5288	38190
5289	38201
5290	38217
5291	38219
5292	38225
5293	38226
5294	38229
5295	38230
5296	38232
5297	38239
5298	38250
5299	38251
5300	38254
5301	38255
5302	38268
5303	38326
5304	38327
5305	38333
5306	38335
5307	38340
5308	38363
5309	38377
5310	38379
5311	38385
5312	38386
5313	38392
5314	38395
5315	38398
5316	38399
5317	38400
5318	38410
5319	38413
5320	38435
5321	38449
5322	38481
5323	38482
5324	38485
5325	38488
5326	38535
5327	38538
5328	38540
5329	38542
5330	38568
5331	38573
5332	38576
5333	38577
5334	38579
5335	38581
5336	38587
5337	38588
5338	38595
5339	38608
5340	38612
5341	38618
5342	38627
5343	38633
5344	38658
5345	38668
5346	38670
5347	38671
5348	38672
5349	38680
5350	38691
5351	38692
5352	38694
5353	38701
5354	38703
5355	38704
5356	38706
5357	38711
5358	38720
5359	38723
5360	38727
5361	38749
5362	38750
5363	38764
5364	38765
5365	38767
5366	38771
5367	38775
5368	38776
5369	38782
5370	38787
5371	38791
5372	38798
5373	38799
5374	38804
5375	38816
5376	38818
5377	38822
5378	38825
5379	38837
5380	38854
5381	38859
5382	38880
5383	38896
5384	38902
5385	38922
5386	38933
5387	38935
5388	38940
5389	38945
5390	38946
5391	38950
5392	38969
5393	38972
5394	38977
5395	38986
5396	38987
5397	38993
5398	38997
5399	39007
5400	39014
5401	39047
5402	39053
5403	39055
5404	39061
5405	39082
5406	39087
5407	39096
5408	39097
5409	39100
5410	39105
5411	39113
5412	39116
5413	39124
5414	39127
5415	39130
5416	39133
5417	39135
5418	39140
5419	39151
5420	39158
5421	39161
5422	39166
5423	39188
5424	39203
5425	39204
5426	39209
5427	39212
5428	39216
5429	39218
5430	39219
5431	39247
5432	39252
5433	39256
5434	39298
5435	39314
5436	39337
5437	39339
5438	39343
5439	39344
5440	39347
5441	39352
5442	39357
5443	39359
5444	39366
5445	39369
5446	39380
5447	39382
5448	39383
5449	39384
5450	39398
5451	39400
5452	39401
5453	39403
5454	39420
5455	39421
5456	39423
5457	39447
5458	39456
5459	39458
5460	39482
5461	39487
5462	39488
5463	39493
5464	39512
5465	39518
5466	39520
5467	39531
5468	39537
5469	39539
5470	39543
5471	39548
5472	39561
5473	39562
5474	39579
5475	39689
5476	39696
5477	39700
5478	39704
5479	39707
5480	39711
5481	39725
5482	39731
5483	39736
5484	39740
5485	39742
5486	39744
5487	39747
5488	39748
5489	39749
5490	39758
5491	39766
5492	39789
5493	39791
5494	39793
5495	39804
5496	39812
5497	39820
5498	39825
5499	39890
5500	39963
5501	40161
5502	40173
5503	40174
5504	40175
5505	40211
5506	40311
5507	40346
5508	40347
5509	40379
5510	40383
5511	40388
5512	40393
5513	40460
5514	40493
5515	40497
5516	40510
5517	40514
5518	40517
5519	40518
5520	40522
5521	40524
5522	40526
5523	40530
5524	40534
5525	40543
5526	40545
5527	40556
5528	40578
5529	40592
5530	40617
5531	40619
5532	40620
5533	40626
5534	40646
5535	40651
5536	40654
5537	40656
5538	40658
5539	40661
5540	40664
5541	40666
5542	40667
5543	40669
5544	40680
5545	40690
5546	40691
5547	40692
5548	40693
5549	40695
5550	40696
5551	40698
5552	40700
5553	40702
5554	40704
5555	40717
5556	40728
5557	40733
5558	40735
5559	40737
5560	40738
5561	40746
5562	40750
5563	40758
5564	40766
5565	40768
5566	40770
5567	40771
5568	40787
5569	40790
5570	40794
5571	40795
5572	40801
5573	40805
5574	40808
5575	40809
5576	40811
5577	40814
5578	40829
5579	40863
5580	40896
5581	40901
5582	40907
5583	40914
5584	40916
5585	40926
5586	40931
5587	40935
5588	40937
5589	40938
5590	40942
5591	40948
5592	40951
5593	40976
5594	40979
5595	40988
5596	40989
5597	41006
5598	41026
5599	41027
5600	41029
5601	41030
5602	41031
5603	41055
5604	41058
5605	41067
5606	41081
5607	41100
5608	41109
5609	41113
5610	41115
5611	41119
5612	41137
5613	41139
5614	41148
5615	41152
5616	41172
5617	41196
5618	41200
5619	41201
5620	41202
5621	41203
5622	41208
5623	41211
5624	41217
5625	41218
5626	41221
5627	41222
5628	41225
5629	41226
5630	41228
5631	41235
5632	41241
5633	41247
5634	41248
5635	41257
5636	41258
5637	41269
5638	41273
5639	41275
5640	41278
5641	41281
5642	41291
5643	41295
5644	41299
5645	41301
5646	41307
5647	41310
5648	41318
5649	41320
5650	41324
5651	41326
5652	41334
5653	41337
5654	41340
5655	41344
5656	41354
5657	41361
5658	41363
5659	41370
5660	41396
5661	41410
5662	41416
5663	41423
5664	41435
5665	41436
5666	41439
5667	41457
5668	41458
5669	41480
5670	41481
5671	41485
5672	41486
5673	41489
5674	41492
5675	41497
5676	41499
5677	41500
5678	41501
5679	41502
5680	41503
5681	41508
5682	41513
5683	41524
5684	41528
5685	41530
5686	41534
5687	41538
5688	41541
5689	41557
5690	41559
5691	41564
5692	41567
5693	41574
5694	41578
5695	41582
5696	41585
5697	41605
5698	41606
5699	41611
5700	41619
5701	41623
5702	41631
5703	41635
5704	41639
5705	41646
5706	41655
5707	41659
5708	41668
5709	41669
5710	41686
5711	41690
5712	41703
5713	41705
5714	41715
5715	41716
5716	41726
5717	41737
5718	41741
5719	41744
5720	41745
5721	41747
5722	41754
5723	41787
5724	41795
5725	41798
5726	41800
5727	41852
5728	41854
5729	41862
5730	41867
5731	41874
5732	41879
5733	41880
5734	41918
5735	41922
5736	41923
5737	41940
5738	41942
5739	41949
5740	41953
5741	41955
5742	41957
5743	41958
5744	41960
5745	41961
5746	42004
5747	42006
5748	42029
5749	42043
5750	42051
5751	42104
5752	42114
5753	42133
5754	42154
5755	42155
5756	42166
5757	42168
5758	42169
5759	42186
5760	42195
5761	42196
5762	42199
5763	42200
5764	42203
5765	42207
5766	42208
5767	42210
5768	42212
5769	42214
5770	42219
5771	42220
5772	42221
5773	42223
5774	42224
5775	42230
5776	42235
5777	42240
5778	42241
5779	42245
5780	42249
5781	42250
5782	42256
5783	42257
5784	42259
5785	42260
5786	42265
5787	42266
5788	42301
5789	42305
5790	42308
5791	42310
5792	42314
5793	42320
5794	42332
5795	42339
5796	42340
5797	42342
5798	42343
5799	42345
5800	42346
5801	42347
5802	42352
5803	42354
5804	42355
5805	42359
5806	42363
5807	42365
5808	42367
5809	42369
5810	42370
5811	42372
5812	42373
5813	42374
5814	42386
5815	42389
5816	42391
5817	42394
5818	42395
5819	42398
5820	42400
5821	42406
5822	42408
5823	42412
5824	42416
5825	42422
5826	42425
5827	42435
5828	42440
5829	42444
5830	42445
5831	42450
5832	42457
5833	42462
5834	42463
5835	42471
5836	42472
5837	42473
5838	42484
5839	42493
5840	42500
5841	42513
5842	42524
5843	42526
5844	42528
5845	42538
5846	42545
5847	42547
5848	42551
5849	42552
5850	42558
5851	42559
5852	42564
5853	42565
5854	42573
5855	42574
5856	42576
5857	42580
5858	42584
5859	42617
5860	42623
5861	42624
5862	42627
5863	42631
5864	42634
5865	42651
5866	42656
5867	42669
5868	42674
5869	42682
5870	42683
5871	42696
5872	42698
5873	42700
5874	42704
5875	42706
5876	42727
5877	42739
5878	42755
5879	42757
5880	42780
5881	42784
5882	42802
5883	42810
5884	42850
5885	42876
5886	42878
5887	42880
5888	42886
5889	42902
5890	42904
5891	42907
5892	42928
5893	42932
5894	42936
5895	42938
5896	42941
5897	42944
5898	42962
5899	42975
5900	42979
5901	42983
5902	42985
5903	42986
5904	43011
5905	43013
5906	43015
5907	43017
5908	43020
5909	43022
5910	43029
5911	43039
5912	43040
5913	43044
5914	43053
5915	43059
5916	43078
5917	43084
5918	43093
5919	43112
5920	43117
5921	43135
5922	43137
5923	43139
5924	43142
5925	43146
5926	43189
5927	43191
5928	43196
5929	43198
5930	43207
5931	43210
5932	43212
5933	43216
5934	43217
5935	43218
5936	43219
5937	43224
5938	43226
5939	43228
5940	43233
5941	43234
5942	43247
5943	43249
5944	43253
5945	43255
5946	43257
5947	43258
5948	43267
5949	43275
5950	43277
5951	43280
5952	43284
5953	43285
5954	43294
5955	43296
5956	43298
5957	43302
5958	43303
5959	43312
5960	43314
5961	43318
5962	43326
5963	43328
5964	43329
5965	43337
5966	43340
5967	43341
5968	43344
5969	43359
5970	43374
5971	43377
5972	43384
5973	43587
5974	43591
5975	43594
5976	43597
5977	43600
5978	43601
5979	43605
5980	43608
5981	43615
5982	43629
5983	43632
5984	43637
5985	43679
5986	43680
5987	43682
5988	43713
5989	43735
5990	43748
5991	43754
5992	43770
5993	43785
5994	43804
5995	43806
5996	43807
5997	43812
5998	43827
5999	43831
6000	43836
6001	43847
6002	43848
6003	43849
6004	43858
6005	43859
6006	43861
6007	43872
6008	43873
6009	43881
6010	43885
6011	43888
6012	43893
6013	43897
6014	43901
6015	43902
6016	43910
6017	43931
6018	43978
6019	43984
6020	43986
6021	43991
6022	43994
6023	43997
6024	43998
6025	44005
6026	44008
6027	44015
6028	44020
6029	44021
6030	44024
6031	44033
6032	44044
6033	44047
6034	44049
6035	44055
6036	44056
6037	44057
6038	44065
6039	44074
6040	44076
6041	44090
6042	44092
6043	44094
6044	44125
6045	44126
6046	44132
6047	44138
6048	44140
6049	44141
6050	44144
6051	44148
6052	44151
6053	44163
6054	44168
6055	44169
6056	44171
6057	44174
6058	44175
6059	44180
6060	44181
6061	44199
6062	44224
6063	44228
6064	44229
6065	44237
6066	44238
6067	44242
6068	44276
6069	44286
6070	44291
6071	44296
6072	44297
6073	44306
6074	44309
6075	44315
6076	44326
6077	44328
6078	44329
6079	44330
6080	44351
6081	44411
6082	44413
6083	44423
6084	44429
6085	44432
6086	44449
6087	44467
6088	44475
6089	44479
6090	44494
6091	44496
6092	44497
6093	44502
6094	44507
6095	44515
6096	44520
6097	44524
6098	44576
6099	44586
6100	44590
6101	44597
6102	44610
6103	44612
6104	44613
6105	44616
6106	44618
6107	44620
6108	44626
6109	44627
6110	44629
6111	44631
6112	44637
6113	44646
6114	44653
6115	44655
6116	44657
6117	44659
6118	44660
6119	44661
6120	44667
6121	44668
6122	44670
6123	44676
6124	44677
6125	44678
6126	44680
6127	44704
6128	44706
6129	44712
6130	44714
6131	44716
6132	44723
6133	44732
6134	44734
6135	44736
6136	44738
6137	44739
6138	44743
6139	44744
6140	44752
6141	44753
6142	44754
6143	44767
6144	44782
6145	44790
6146	44795
6147	44801
6148	44840
6149	44843
6150	44845
6151	44849
6152	44852
6153	44857
6154	44862
6155	44869
6156	44877
6157	44880
6158	44881
6159	44882
6160	44890
6161	44899
6162	44900
6163	44901
6164	44903
6165	44912
6166	44919
6167	44926
6168	44927
6169	44929
6170	44930
6171	44931
6172	44932
6173	44934
6174	44935
6175	44953
6176	44954
6177	44990
6178	44992
6179	44993
6180	44997
6181	44999
6182	45005
6183	45006
6184	45010
6185	45017
6186	45028
6187	45031
6188	45039
6189	45046
6190	45048
6191	45050
6192	45058
6193	45060
6194	45063
6195	45068
6196	45084
6197	45085
6198	45092
6199	45095
6200	45098
6201	45099
6202	45108
6203	45110
6204	45111
6205	45125
6206	45158
6207	45160
6208	45197
6209	45207
6210	45216
6211	45224
6212	45245
6213	45266
6214	45267
6215	45269
6216	45276
6217	45278
6218	45279
6219	45283
6220	45285
6221	45290
6222	45321
6223	45327
6224	45329
6225	45332
6226	45333
6227	45334
6228	45340
6229	45352
6230	45358
6231	45362
6232	45363
6233	45367
6234	45369
6235	45372
6236	45376
6237	45413
6238	45444
6239	45448
6240	45457
6241	45542
6242	45550
6243	45553
6244	45554
6245	45580
6246	45624
6247	45629
6248	45648
6249	45653
6250	45667
6251	45668
6252	45669
6253	45670
6254	45671
6255	45686
6256	45689
6257	45690
6258	45691
6259	45693
6260	45696
6261	45697
6262	45698
6263	45700
6264	45702
6265	45706
6266	45712
6267	45716
6268	45719
6269	45723
6270	45729
6271	45732
6272	45747
6273	45752
6274	45758
6275	45760
6276	45765
6277	45783
6278	45793
6279	45798
6280	45799
6281	45815
6282	45820
6283	45825
6284	45829
6285	45844
6286	45868
6287	45869
6288	45871
6289	45884
6290	45892
6291	45896
6292	45903
6293	45906
6294	45918
6295	45958
6296	45959
6297	45965
6298	45969
6299	46001
6300	46004
6301	46006
6302	46022
6303	46055
6304	46057
6305	46058
6306	46059
6307	46061
6308	46062
6309	46069
6310	46075
6311	46081
6312	46084
6313	46085
6314	46087
6315	46107
6316	46116
6317	46118
6318	46122
6319	46124
6320	46126
6321	46128
6322	46129
6323	46132
6324	46136
6325	46154
6326	46157
6327	46159
6328	46160
6329	46166
6330	46168
6331	46172
6332	46174
6333	46183
6334	46186
6335	46189
6336	46192
6337	46193
6338	46197
6339	46198
6340	46207
6341	46210
6342	46216
6343	46228
6344	46229
6345	46296
6346	46304
6347	46309
6348	46312
6349	46316
6350	46319
6351	46320
6352	46321
6353	46325
6354	46328
6355	46332
6356	46333
6357	46338
6358	46339
6359	46340
6360	46342
6361	46353
6362	46354
6363	46355
6364	46358
6365	46362
6366	46367
6367	46374
6368	46375
6369	46376
6370	46378
6371	46380
6372	46388
6373	46391
6374	46392
6375	46393
6376	46394
6377	46396
6378	46398
6379	46401
6380	46404
6381	46431
6382	46432
6383	46439
6384	46453
6385	46455
6386	46456
6387	46457
6388	46462
6389	46463
6390	46466
6391	46477
6392	46479
6393	46483
6394	46491
6395	46494
6396	46502
6397	46507
6398	46512
6399	46513
6400	46519
6401	46524
6402	46548
6403	46560
6404	46573
6405	46576
6406	46577
6407	46583
6408	46590
6409	46594
6410	46602
6411	46603
6412	46606
6413	46611
6414	46613
6415	46617
6416	46621
6417	46630
6418	46633
6419	46646
6420	46647
6421	46648
6422	46651
6423	46656
6424	46658
6425	46675
6426	46679
6427	46681
6428	46682
6429	46688
6430	46701
6431	46706
6432	46717
6433	46718
6434	46720
6435	46721
6436	46730
6437	46736
6438	46740
6439	46755
6440	46756
6441	46757
6442	46764
6443	46775
6444	46776
6445	46778
6446	46786
6447	46791
6448	46793
6449	46795
6450	46796
6451	46799
6452	46811
6453	46823
6454	46824
6455	46831
6456	46837
6457	46849
6458	46853
6459	46856
6460	46860
6461	46862
6462	46873
6463	46877
6464	46881
6465	46884
6466	46891
6467	46896
6468	46899
6469	46903
6470	46914
6471	46922
6472	46925
6473	46929
6474	46943
6475	46944
6476	46945
6477	46946
6478	46947
6479	46951
6480	46953
6481	46956
6482	46964
6483	46974
6484	47003
6485	47008
6486	47010
6487	47012
6488	47027
6489	47028
6490	47029
6491	47058
6492	47065
6493	47067
6494	47069
6495	47072
6496	47075
6497	47076
6498	47077
6499	47078
6500	47079
6501	47093
6502	47094
6503	47095
6504	47105
6505	47107
6506	47110
6507	47111
6508	47138
6509	47139
6510	47153
6511	47166
6512	47173
6513	47182
6514	47186
6515	47191
6516	47192
6517	47207
6518	47211
6519	47213
6520	47273
6521	47274
6522	47288
6523	47298
6524	47313
6525	47314
6526	47317
6527	47325
6528	47328
6529	47334
6530	47335
6531	47337
6532	47341
6533	47342
6534	47343
6535	47344
6536	47345
6537	47347
6538	47348
6539	47356
6540	47359
6541	47360
6542	47365
6543	47369
6544	47370
6545	47372
6546	47374
6547	47375
6548	47378
6549	47382
6550	47383
6551	47389
6552	47392
6553	47397
6554	47400
6555	47402
6556	47406
6557	47407
6558	47416
6559	47424
6560	47430
6561	47432
6562	47434
6563	47435
6564	47445
6565	47446
6566	47453
6567	47472
6568	47476
6569	47477
6570	47478
6571	47480
6572	47490
6573	47500
6574	47508
6575	47518
6576	47522
6577	47533
6578	47540
6579	47545
6580	47560
6581	47566
6582	47578
6583	47579
6584	47596
6585	47599
6586	47600
6587	47604
6588	47605
6589	47606
6590	47607
6591	47610
6592	47611
6593	47613
6594	47615
6595	47617
6596	47621
6597	47624
6598	47625
6599	47627
6600	47628
6601	47629
6602	47631
6603	47632
6604	47636
6605	47638
6606	47639
6607	47641
6608	47642
6609	47646
6610	47647
6611	47648
6612	47655
6613	47666
6614	47669
6615	47671
6616	47673
6617	47677
6618	47682
6619	47684
6620	47687
6621	47691
6622	47695
6623	47697
6624	47714
6625	47715
6626	47724
6627	47727
6628	47728
6629	47730
6630	47735
6631	47746
6632	47750
6633	47755
6634	47759
6635	47764
6636	47768
6637	47774
6638	47780
6639	47782
6640	47788
6641	47813
6642	47814
6643	47834
6644	47873
6645	47877
6646	47882
6647	47884
6648	47887
6649	47892
6650	47893
6651	47900
6652	47907
6653	47938
6654	47941
6655	47969
6656	47970
6657	47977
6658	47978
6659	47983
6660	47986
6661	47988
6662	48009
6663	48012
6664	48018
6665	48065
6666	48074
6667	48075
6668	48076
6669	48080
6670	48109
6671	48116
6672	48118
6673	48144
6674	48164
6675	48169
6676	48212
6677	48223
6678	48232
6679	48246
6680	48277
6681	48280
6682	48285
6683	48287
6684	48293
6685	48295
6686	48303
6687	48305
6688	48306
6689	48307
6690	48314
6691	48343
6692	48372
6693	48376
6694	48377
6695	48379
6696	48387
6697	48399
6698	48402
6699	48411
6700	48434
6701	48445
6702	48454
6703	48470
6704	48474
6705	48481
6706	48483
6707	48485
6708	48505
6709	48524
6710	48540
6711	48553
6712	48554
6713	48556
6714	48564
6715	48581
6716	48593
6717	48597
6718	48608
6719	48638
6720	48658
6721	48660
6722	48712
6723	48757
6724	48764
6725	48767
6726	48769
6727	48772
6728	48776
6729	48782
6730	48833
6731	48867
6732	48869
6733	48871
6734	48874
6735	48910
6736	48911
6737	48913
6738	48914
6739	48917
6740	48920
6741	48929
6742	48931
6743	48936
6744	48937
6745	48939
6746	48940
6747	48941
6748	48944
6749	48947
6750	48950
6751	48954
6752	48955
6753	48957
6754	48961
6755	48962
6756	48963
6757	48965
6758	48969
6759	48972
6760	48975
6761	48976
6762	48977
6763	48981
6764	48983
6765	48989
6766	48992
6767	48993
6768	48999
6769	49004
6770	49006
6771	49008
6772	49009
6773	49011
6774	49013
6775	49018
6776	49021
6777	49022
6778	49024
6779	49027
6780	49031
6781	49035
6782	49036
6783	49038
6784	49039
6785	49055
6786	49056
6787	49057
6788	49071
6789	49079
6790	49082
6791	49087
6792	49088
6793	49090
6794	49096
6795	49107
6796	49110
6797	49116
6798	49118
6799	49120
6800	49121
6801	49123
6802	49126
6803	49130
6804	49136
6805	49140
6806	49142
6807	49144
6808	49150
6809	49154
6810	49157
6811	49158
6812	49160
6813	49165
6814	49169
6815	49171
6816	49173
6817	49180
6818	49181
6819	49182
6820	49183
6821	49184
6822	49186
6823	49190
6824	49197
6825	49203
6826	49205
6827	49212
6828	49217
6829	49218
6830	49220
6831	49225
6832	49228
6833	49235
6834	49244
6835	49246
6836	49248
6837	49249
6838	49274
6839	49280
6840	49284
6841	49304
6842	49308
6843	49311
6844	49312
6845	49320
6846	49322
6847	49323
6848	49327
6849	49329
6850	49333
6851	49335
6852	49336
6853	49381
6854	49383
6855	49384
6856	49386
6857	49387
6858	49396
6859	49399
6860	49401
6861	49408
6862	49412
6863	49416
6864	49417
6865	49420
6866	49423
6867	49425
6868	49426
6869	49429
6870	49433
6871	49434
6872	49435
6873	49437
6874	49438
6875	49441
6876	49444
6877	49445
6878	49449
6879	49450
6880	49451
6881	49452
6882	49457
6883	49460
6884	49461
6885	49462
6886	49463
6887	49467
6888	49469
6889	49470
6890	49471
6891	49480
6892	49482
6893	49484
6894	49485
6895	49489
6896	49494
6897	49498
6898	49499
6899	49501
6900	49522
6901	49531
6902	49541
6903	49566
6904	49567
6905	49571
6906	49572
6907	49573
6908	49576
6909	49578
6910	49581
6911	49582
6912	49584
6913	49587
6914	49588
6915	49594
6916	49596
6917	49598
6918	49599
6919	49600
6920	49603
6921	49605
6922	49607
6923	49608
6924	49609
6925	49615
6926	49616
6927	49617
6928	49620
6929	49621
6930	49625
6931	49626
6932	49628
6933	49640
6934	49642
6935	49643
6936	49647
6937	49653
6938	49654
6939	49656
6940	49658
6941	49664
6942	49666
6943	49667
6944	49670
6945	49672
6946	49673
6947	49675
6948	49683
6949	49702
6950	49710
6951	49713
6952	49715
6953	49718
6954	49726
6955	49740
6956	49758
6957	49761
6958	49765
6959	49768
6960	49772
6961	49774
6962	49779
6963	49782
6964	49793
6965	49800
6966	49807
6967	49809
6968	49814
6969	49815
6970	49816
6971	49819
6972	49821
6973	49823
6974	49825
6975	49827
6976	49831
6977	49832
6978	49833
6979	49842
6980	49843
6981	49846
6982	49851
6983	49857
6984	49861
6985	49864
6986	49875
6987	49882
6988	49885
6989	49887
6990	49888
6991	49891
6992	49892
6993	49894
6994	49898
6995	49900
6996	49903
6997	49905
6998	49911
6999	49915
7000	49917
7001	49918
7002	49921
7003	49922
7004	49923
7005	49924
7006	49927
7007	49928
7008	49929
7009	49937
7010	49938
7011	49942
7012	49951
7013	50017
7014	50020
7015	50023
7016	50036
7017	50040
7018	50051
7019	50144
7020	50147
7021	50154
7022	50162
7023	50164
7024	50185
7025	50196
7026	50206
7027	50208
7028	50209
7029	50213
7030	50243
7031	50245
7032	50246
7033	50247
7034	50254
7035	50261
7036	50263
7037	50282
7038	50283
7039	50294
7040	50295
7041	50298
7042	50300
7043	50303
7044	50315
7045	50318
7046	50334
7047	50348
7048	50351
7049	50354
7050	50374
7051	50375
7052	50381
7053	50382
7054	50384
7055	50389
7056	50392
7057	50393
7058	50399
7059	50411
7060	50416
7061	50423
7062	50426
7063	50427
7064	50429
7065	50435
7066	50438
7067	50443
7068	50449
7069	50509
7070	50513
7071	50517
7072	50521
7073	50528
7074	50529
7075	50537
7076	50540
7077	50542
7078	50544
7079	50545
7080	50547
7081	50549
7082	50551
7083	50555
7084	50568
7085	50570
7086	50572
7087	50573
7088	50577
7089	50578
7090	50579
7091	50580
7092	50582
7093	50585
7094	50607
7095	50610
7096	50621
7097	50628
7098	50633
7099	50635
7100	50637
7101	50640
7102	50641
7103	50646
7104	50647
7105	50656
7106	50675
7107	50677
7108	50679
7109	50680
7110	50685
7111	50690
7112	50717
7113	50720
7114	50722
7115	50726
7116	50731
7117	50733
7118	50736
7119	50738
7120	50784
7121	50791
7122	50792
7123	50794
7124	50796
7125	50800
7126	50822
7127	50859
7128	50861
7129	50862
7130	50864
7131	50865
7132	50870
7133	50872
7134	50876
7135	50877
7136	50882
7137	50890
7138	50892
7139	50893
7140	50896
7141	50897
7142	50898
7143	50899
7144	50901
7145	50908
7146	50910
7147	50918
7148	50920
7149	50927
7150	50938
7151	50949
7152	50952
7153	50954
7154	50961
7155	50968
7156	50971
7157	50975
7158	50980
7159	50981
7160	50984
7161	50985
7162	50986
7163	50987
7164	50990
7165	50991
7166	50994
7167	51009
7168	51012
7169	51025
7170	51029
7171	51032
7172	51036
7173	51039
7174	51041
7175	51045
7176	51051
7177	51055
7178	51065
7179	51068
7180	51070
7181	51074
7182	51076
7183	51078
7184	51101
7185	51104
7186	51106
7187	51112
7188	51121
7189	51122
7190	51126
7191	51131
7192	51135
7193	51137
7194	51142
7195	51143
7196	51144
7197	51145
7198	51146
7199	51154
7200	51158
7201	51161
7202	51165
7203	51166
7204	51170
7205	51172
7206	51177
7207	51189
7208	51193
7209	51198
7210	51201
7211	51206
7212	51208
7213	51214
7214	51220
7215	51245
7216	51259
7217	51268
7218	51292
7219	51293
7220	51333
7221	51338
7222	51341
7223	51358
7224	51400
7225	51404
7226	51482
7227	51493
7228	51494
7229	51495
7230	51497
7231	51498
7232	51500
7233	51501
7234	51503
7235	51533
7236	51570
7237	51575
7238	51580
7239	51581
7240	51583
7241	51586
7242	51595
7243	51600
7244	51608
7245	51610
7246	51612
7247	51617
7248	51621
7249	51623
7250	51627
7251	51628
7252	51629
7253	51630
7254	51633
7255	51648
7256	51651
7257	51718
7258	51724
7259	51761
7260	51782
7261	51785
7262	51787
7263	51791
7264	51792
7265	51805
7266	51816
7267	51819
7268	51825
7269	51827
7270	51828
7271	51831
7272	51834
7273	51842
7274	51843
7275	51844
7276	51845
7277	51846
7278	51847
7279	51848
7280	51849
7281	51851
7282	51857
7283	51861
7284	51864
7285	51874
7286	51876
7287	51903
7288	51907
7289	51914
7290	51922
7291	51923
7292	51924
7293	51926
7294	51932
7295	51934
7296	51935
7297	51949
7298	51951
7299	51952
7300	51956
7301	51958
7302	51962
7303	51963
7304	51973
7305	51986
7306	51989
7307	51991
7308	52003
7309	52005
7310	52009
7311	52010
7312	52016
7313	52037
7314	52039
7315	52061
7316	52063
7317	52097
7318	52099
7319	52100
7320	52127
7321	52137
7322	52139
7323	52142
7324	52146
7325	52149
7326	52155
7327	52168
7328	52172
7329	52173
7330	52174
7331	52176
7332	52193
7333	52196
7334	52197
7335	52214
7336	52215
7337	52219
7338	52222
7339	52267
7340	52285
7341	52309
7342	52317
7343	52325
7344	52327
7345	52353
7346	52399
7347	52406
7348	52409
7349	52412
7350	52419
7351	52427
7352	52431
7353	52432
7354	52436
7355	52437
7356	52446
7357	52447
7358	52448
7359	52468
7360	52469
7361	52470
7362	52472
7363	52476
7364	52477
7365	52482
7366	52486
7367	52489
7368	52495
7369	52498
7370	52506
7371	52509
7372	52511
7373	52515
7374	52516
7375	52520
7376	52522
7377	52524
7378	52527
7379	52532
7380	52535
7381	52539
7382	52543
7383	52548
7384	52552
7385	52553
7386	52554
7387	52555
7388	52558
7389	52564
7390	52565
7391	52566
7392	52574
7393	52575
7394	52579
7395	52581
7396	52584
7397	52586
7398	52587
7399	52597
7400	52599
7401	52602
7402	52610
7403	52613
7404	52614
7405	52617
7406	52629
7407	52636
7408	52639
7409	52651
7410	52669
7411	52681
7412	52703
7413	52711
7414	52713
7415	52720
7416	52734
7417	52735
7418	52736
7419	52745
7420	52747
7421	52749
7422	52765
7423	52770
7424	52787
7425	52797
7426	52801
7427	52807
7428	52810
7429	52815
7430	52821
7431	52832
7432	52843
7433	52851
7434	52875
7435	52876
7436	52878
7437	52879
7438	52880
7439	52890
7440	52899
7441	52906
7442	52911
7443	52917
7444	52922
7445	52926
7446	52929
7447	52932
7448	52938
7449	52966
7450	52975
7451	52987
7452	52988
7453	52989
7454	52990
7455	52992
7456	53015
7457	53019
7458	53021
7459	53035
7460	53036
7461	53041
7462	53052
7463	53061
7464	53062
7465	53064
7466	53065
7467	53076
7468	53077
7469	53101
7470	53102
7471	53103
7472	53104
7473	53106
7474	53107
7475	53113
7476	53131
7477	53139
7478	53141
7479	53146
7480	53148
7481	53160
7482	53166
7483	53177
7484	53184
7485	53185
7486	53189
7487	53195
7488	53202
7489	53203
7490	53210
7491	53214
7492	53216
7493	53219
7494	53221
7495	53227
7496	53239
7497	53265
7498	53269
7499	53275
7500	53328
7501	53331
7502	53351
7503	53405
7504	53406
7505	53416
7506	53427
7507	53454
7508	53459
7509	53470
7510	53484
7511	53493
7512	53542
7513	53546
7514	53547
7515	53579
7516	53582
7517	53584
7518	53586
7519	53587
7520	53595
7521	53660
7522	53663
7523	53671
7524	53675
7525	53677
7526	53685
7527	53690
7528	53705
7529	53709
7530	53711
7531	53712
7532	53716
7533	53718
7534	53720
7535	53722
7536	53723
7537	53724
7538	53725
7539	53728
7540	53729
7541	53731
7542	53747
7543	53757
7544	53762
7545	53773
7546	53775
7547	53785
7548	53794
7549	53795
7550	53801
7551	53804
7552	53808
7553	53809
7554	53819
7555	53832
7556	53833
7557	53840
7558	53843
7559	53910
7560	53911
7561	53915
7562	53933
7563	53934
7564	53936
7565	53938
7566	53941
7567	53944
7568	53958
7569	53960
7570	53998
7571	54000
7572	54001
7573	54007
7574	54017
7575	54024
7576	54028
7577	54029
7578	54045
7579	54047
7580	54049
7581	54050
7582	54053
7583	54054
7584	54055
7585	54057
7586	54061
7587	54116
7588	54117
7589	54152
7590	54166
7591	54167
7592	54168
7593	54179
7594	54215
7595	54229
7596	54237
7597	54240
7598	54241
7599	54246
7600	54247
7601	54249
7602	54251
7603	54254
7604	54262
7605	54263
7606	54265
7607	54266
7608	54268
7609	54270
7610	54271
7611	54276
7612	54280
7613	54282
7614	54284
7615	54291
7616	54297
7617	54306
7618	54307
7619	54317
7620	54319
7621	54321
7622	54325
7623	54326
7624	54327
7625	54330
7626	54362
7627	54365
7628	54369
7629	54371
7630	54374
7631	54383
7632	54384
7633	54386
7634	54389
7635	54390
7636	54391
7637	54427
7638	54429
7639	54455
7640	54456
7641	54457
7642	54560
7643	54562
7644	54569
7645	54570
7646	54579
7647	54585
7648	54592
7649	54599
7650	54600
7651	54637
7652	54641
7653	54658
7654	54659
7655	54662
7656	54698
7657	54699
7658	54712
7659	54713
7660	54714
7661	54715
7662	54728
7663	54730
7664	54734
7665	54744
7666	54746
7667	54747
7668	54752
7669	54754
7670	54755
7671	54774
7672	54792
7673	54802
7674	54803
7675	54814
7676	54816
7677	54831
7678	54832
7679	54839
7680	54841
7681	54849
7682	54853
7683	54879
7684	54881
7685	54912
7686	54920
7687	54947
7688	54950
7689	54953
7690	54954
7691	54955
7692	54961
7693	54965
7694	54970
7695	54972
7696	54982
7697	54991
7698	54994
7699	54995
7700	55000
7701	55001
7702	55005
7703	55007
7704	55010
7705	55011
7706	55017
7707	55035
7708	55041
7709	55042
7710	55046
7711	55049
7712	55050
7713	55051
7714	55062
7715	55067
7716	55082
7717	55086
7718	55089
7719	55091
7720	55093
7721	55094
7722	55104
7723	55106
7724	55118
7725	55122
7726	55123
7727	55127
7728	55129
7729	55132
7730	55141
7731	55143
7732	55147
7733	55148
7734	55149
7735	55150
7736	55152
7737	55153
7738	55154
7739	55156
7740	55165
7741	55170
7742	55179
7743	55180
7744	55198
7745	55200
7746	55203
7747	55206
7748	55213
7749	55214
7750	55220
7751	55221
7752	55222
7753	55237
7754	55239
7755	55256
7756	55264
7757	55271
7758	55279
7759	55298
7760	55300
7761	55304
7762	55305
7763	55311
7764	55341
7765	55352
7766	55355
7767	55357
7768	55365
7769	55373
7770	55379
7771	55384
7772	55388
7773	55412
7774	55413
7775	55414
7776	55415
7777	55429
7778	55432
7779	55434
7780	55438
7781	55440
7782	55444
7783	55460
7784	55483
7785	55490
7786	55516
7787	55531
7788	55533
7789	55541
7790	55549
7791	55555
7792	55570
7793	55571
7794	55572
7795	55576
7796	55580
7797	55599
7798	55600
7799	55612
7800	55614
7801	55616
7802	55651
7803	55655
7804	55660
7805	55664
7806	55675
7807	55680
7808	55695
7809	55696
7810	55699
7811	55700
7812	55704
7813	55707
7814	55718
7815	55726
7816	55780
7817	55838
7818	55840
7819	55860
7820	55875
7821	55881
7822	55883
7823	55894
7824	55899
7825	55936
7826	55969
7827	55983
7828	55984
7829	55986
7830	55988
7831	56001
7832	56003
7833	56007
7834	56008
7835	56051
7836	56052
7837	56055
7838	56059
7839	56063
7840	56065
7841	56066
7842	56072
7843	56073
7844	56075
7845	56076
7846	56077
7847	56078
7848	56079
7849	56080
7850	56084
7851	56088
7852	56090
7853	56095
7854	56101
7855	56222
7856	56226
7857	56231
7858	56234
7859	56238
7860	56252
7861	56257
7862	56263
7863	56264
7864	56271
7865	56282
7866	56297
7867	56321
7868	56348
7869	56350
7870	56357
7871	56362
7872	56379
7873	56402
7874	56412
7875	56413
7876	56427
7877	56431
7878	56436
7879	56440
7880	56441
7881	56445
7882	56452
7883	56468
7884	56473
7885	56476
7886	56479
7887	56511
7888	56516
7889	56519
7890	56554
7891	56558
7892	56561
7893	56573
7894	56587
7895	56589
7896	56592
7897	56593
7898	56594
7899	56597
7900	56612
7901	56620
7902	56627
7903	56628
7904	56650
7905	56766
7906	56770
7907	56789
7908	56790
7909	56791
7910	56793
7911	56794
7912	56801
7913	56859
7914	56860
7915	56863
7916	56866
7917	56877
7918	56897
7919	56922
7920	56923
7921	56932
7922	56942
7923	56943
7924	56957
7925	56960
7926	56964
7927	56967
7928	56986
7929	57006
7930	57054
7931	57068
7932	57071
7933	57084
7934	57095
7935	57096
7936	57097
7937	57098
7938	57099
7939	57103
7940	57105
7941	57106
7942	57107
7943	57109
7944	57113
7945	57117
7946	57125
7947	57127
7948	57128
7949	57175
7950	57182
7951	57187
7952	57228
7953	57239
7954	57242
7955	57249
7956	57253
7957	57277
7958	57280
7959	57295
7960	57310
7961	57311
7962	57326
7963	57333
7964	57335
7965	57336
7966	57379
7967	57385
7968	57389
7969	57396
7970	57404
7971	57431
7972	57584
7973	57594
7974	57604
7975	57620
7976	57623
7977	57624
7978	57629
7979	57630
7980	57631
7981	57633
7982	57640
7983	57656
7984	57663
7985	57664
7986	57669
7987	57670
7988	57678
7989	57679
7990	57680
7991	57685
7992	57687
7993	57698
7994	57700
7995	57701
7996	57705
7997	57707
7998	57708
7999	57709
8000	57712
8001	57713
8002	57716
8003	57718
8004	57719
8005	57729
8006	57732
8007	57733
8008	57737
8009	57747
8010	57750
8011	57752
8012	57755
8013	57769
8014	57773
8015	57779
8016	58345
8017	58347
8018	58349
8019	58353
8020	58359
8021	58360
8022	58362
8023	58365
8024	58366
8025	58368
8026	58370
8027	58371
8028	58375
8029	58376
8030	58378
8031	58381
